timestamp,git_sha,machine,engine,label,write_ms,warm_open_ms,cold_open_ms,lookup_us,append_ms,append_puts_ms,append_sync_ms,append_loop_ms,append_sync_all_ms,steady_append_ms,steady_append_puts_ms,steady_append_sync_ms,files_bytes,mem_bytes,mem_label,rss_open_bytes,pss_open_bytes,rss_warm_bytes,pss_warm_bytes,checksum
2026-09-13T20:27:36+00:00,1cbae5e,"ASUSTeK COMPUTER INC. PRIME Z370-A | Intel(R) Core(TM) i5-8600K CPU @ 3.60GHz | Corsair 32GB (2133 MT/s) DDR4 1.2 V DIMM | Crucial_CT275MX300SSD4 256.2G SSD/sata [Encrypted] /, /boot | ST2000DM008-2FR102 1.8T HDD/sata [Encrypted] | ST4000NM0115-1YZ107 3.6T HDD/sata [Encrypted] /run/media/shane/shane4tb-ent | SPCC Solid State Disk 223.6G SSD/sata [Encrypted]",mtxdb,0.1,940.6,98.7,98.4,1.9,2821.3,2821.2,0.1,10.0,0.0,,,,104399726,2098432,index_bytes,,,,,
2026-09-13T20:27:36+00:00,1cbae5e,"ASUSTeK COMPUTER INC. PRIME Z370-A | Intel(R) Core(TM) i5-8600K CPU @ 3.60GHz | Corsair 32GB (2133 MT/s) DDR4 1.2 V DIMM | Crucial_CT275MX300SSD4 256.2G SSD/sata [Encrypted] /, /boot | ST2000DM008-2FR102 1.8T HDD/sata [Encrypted] | ST4000NM0115-1YZ107 3.6T HDD/sata [Encrypted] /run/media/shane/shane4tb-ent | SPCC Solid State Disk 223.6G SSD/sata [Encrypted]",mdbx,0.1,247.4,0.5,0.5,0.5,6.3,5.1,1.2,,,,,,201326592,201326592,file_bytes,,,,,
2026-09-13T20:27:36+00:00,1cbae5e,"ASUSTeK COMPUTER INC. PRIME Z370-A | Intel(R) Core(TM) i5-8600K CPU @ 3.60GHz | Corsair 32GB (2133 MT/s) DDR4 1.2 V DIMM | Crucial_CT275MX300SSD4 256.2G SSD/sata [Encrypted] /, /boot | ST2000DM008-2FR102 1.8T HDD/sata [Encrypted] | ST4000NM0115-1YZ107 3.6T HDD/sata [Encrypted] /run/media/shane/shane4tb-ent | SPCC Solid State Disk 223.6G SSD/sata [Encrypted]",sqlite,0.1,2548.2,0.0,0.0,27.0,38.4,37.1,1.3,,,,,,457773056,457773056,file_bytes,,,,,
2026-09-13T23:07:35+00:00,16fa46d,"ASUSTeK COMPUTER INC. PRIME Z370-A | Intel(R) Core(TM) i5-8600K CPU @ 3.60GHz | Corsair 32GB (2133 MT/s) DDR4 1.2 V DIMM | Crucial_CT275MX300SSD4 256.2G SSD/sata [Encrypted] /, /boot | ST2000DM008-2FR102 1.8T HDD/sata [Encrypted] | ST4000NM0115-1YZ107 3.6T HDD/sata [Encrypted] /run/media/shane/shane4tb-ent | SPCC Solid State Disk 223.6G SSD/sata [Encrypted]",mtxdb,0.1,978.0,98.8,99.1,2.1,2874.2,2874.1,0.0,10.6,0.0,,,,104399726,2098432,index_bytes,,,,,
2026-09-13T23:07:35+00:00,16fa46d,"ASUSTeK COMPUTER INC. PRIME Z370-A | Intel(R) Core(TM) i5-8600K CPU @ 3.60GHz | Corsair 32GB (2133 MT/s) DDR4 1.2 V DIMM | Crucial_CT275MX300SSD4 256.2G SSD/sata [Encrypted] /, /boot | ST2000DM008-2FR102 1.8T HDD/sata [Encrypted] | ST4000NM0115-1YZ107 3.6T HDD/sata [Encrypted] /run/media/shane/shane4tb-ent | SPCC Solid State Disk 223.6G SSD/sata [Encrypted]",mdbx,0.1,264.3,0.5,0.5,0.5,6.1,4.9,1.2,,,,,,201326592,201326592,file_bytes,,,,,
2026-09-13T23:07:35+00:00,16fa46d,"ASUSTeK COMPUTER INC. PRIME Z370-A | Intel(R) Core(TM) i5-8600K CPU @ 3.60GHz | Corsair 32GB (2133 MT/s) DDR4 1.2 V DIMM | Crucial_CT275MX300SSD4 256.2G SSD/sata [Encrypted] /, /boot | ST2000DM008-2FR102 1.8T HDD/sata [Encrypted] | ST4000NM0115-1YZ107 3.6T HDD/sata [Encrypted] /run/media/shane/shane4tb-ent | SPCC Solid State Disk 223.6G SSD/sata [Encrypted]",sqlite,0.1,2694.6,0.0,0.0,29.3,41.9,40.4,1.5,,,,,,457773056,457773056,file_bytes,,,,,
2026-09-13T23:58:34+00:00,f280403,"ASUSTeK COMPUTER INC. PRIME Z370-A | Intel(R) Core(TM) i5-8600K CPU @ 3.60GHz | Corsair 32GB (2133 MT/s) DDR4 1.2 V DIMM | Crucial_CT275MX300SSD4 256.2G SSD/sata [Encrypted] /, /boot | ST2000DM008-2FR102 1.8T HDD/sata [Encrypted] | ST4000NM0115-1YZ107 3.6T HDD/sata [Encrypted] /run/media/shane/shane4tb-ent | SPCC Solid State Disk 223.6G SSD/sata [Encrypted]",mtxdb,0.1,1089.1,103.1,99.0,2.0,8.3,8.3,0.1,14.4,0.0,,,,104399726,4196608,index_bytes,,,,,
2026-09-13T23:58:34+00:00,f280403,"ASUSTeK COMPUTER INC. PRIME Z370-A | Intel(R) Core(TM) i5-8600K CPU @ 3.60GHz | Corsair 32GB (2133 MT/s) DDR4 1.2 V DIMM | Crucial_CT275MX300SSD4 256.2G SSD/sata [Encrypted] /, /boot | ST2000DM008-2FR102 1.8T HDD/sata [Encrypted] | ST4000NM0115-1YZ107 3.6T HDD/sata [Encrypted] /run/media/shane/shane4tb-ent | SPCC Solid State Disk 223.6G SSD/sata [Encrypted]",mdbx,0.1,261.0,0.5,0.5,0.6,6.6,5.1,1.4,,,,,,201326592,201326592,file_bytes,,,,,
2026-09-13T23:58:34+00:00,f280403,"ASUSTeK COMPUTER INC. PRIME Z370-A | Intel(R) Core(TM) i5-8600K CPU @ 3.60GHz | Corsair 32GB (2133 MT/s) DDR4 1.2 V DIMM | Crucial_CT275MX300SSD4 256.2G SSD/sata [Encrypted] /, /boot | ST2000DM008-2FR102 1.8T HDD/sata [Encrypted] | ST4000NM0115-1YZ107 3.6T HDD/sata [Encrypted] /run/media/shane/shane4tb-ent | SPCC Solid State Disk 223.6G SSD/sata [Encrypted]",sqlite,0.1,2728.9,0.1,0.1,28.7,41.1,39.8,1.4,,,,,,457773056,457773056,file_bytes,,,,,
2026-09-14T00:03:54+00:00,1664bfe,"ASUSTeK COMPUTER INC. PRIME Z370-A | Intel(R) Core(TM) i5-8600K CPU @ 3.60GHz | Corsair 32GB (2133 MT/s) DDR4 1.2 V DIMM | Crucial_CT275MX300SSD4 256.2G SSD/sata [Encrypted] /, /boot | ST2000DM008-2FR102 1.8T HDD/sata [Encrypted] | ST4000NM0115-1YZ107 3.6T HDD/sata [Encrypted] /run/media/shane/shane4tb-ent | SPCC Solid State Disk 223.6G SSD/sata [Encrypted]",mtxdb,0.1,1020.2,95.7,93.6,1.9,7.8,7.8,0.1,11.4,0.0,,,,104399726,4196608,index_bytes,,,,,
2026-09-14T00:03:54+00:00,1664bfe,"ASUSTeK COMPUTER INC. PRIME Z370-A | Intel(R) Core(TM) i5-8600K CPU @ 3.60GHz | Corsair 32GB (2133 MT/s) DDR4 1.2 V DIMM | Crucial_CT275MX300SSD4 256.2G SSD/sata [Encrypted] /, /boot | ST2000DM008-2FR102 1.8T HDD/sata [Encrypted] | ST4000NM0115-1YZ107 3.6T HDD/sata [Encrypted] /run/media/shane/shane4tb-ent | SPCC Solid State Disk 223.6G SSD/sata [Encrypted]",mdbx,0.1,245.5,0.5,0.5,0.5,6.3,5.0,1.3,,,,,,201326592,201326592,file_bytes,,,,,
2026-09-14T00:03:54+00:00,1664bfe,"ASUSTeK COMPUTER INC. PRIME Z370-A | Intel(R) Core(TM) i5-8600K CPU @ 3.60GHz | Corsair 32GB (2133 MT/s) DDR4 1.2 V DIMM | Crucial_CT275MX300SSD4 256.2G SSD/sata [Encrypted] /, /boot | ST2000DM008-2FR102 1.8T HDD/sata [Encrypted] | ST4000NM0115-1YZ107 3.6T HDD/sata [Encrypted] /run/media/shane/shane4tb-ent | SPCC Solid State Disk 223.6G SSD/sata [Encrypted]",sqlite,0.1,2433.6,0.0,0.0,26.0,37.5,36.3,1.2,,,,,,457773056,457773056,file_bytes,,,,,
2026-09-14T01:22:01+00:00,397be2c,"ASUSTeK COMPUTER INC. PRIME Z370-A | Intel(R) Core(TM) i5-8600K CPU @ 3.60GHz | Corsair 32GB (2133 MT/s) DDR4 1.2 V DIMM | Crucial_CT275MX300SSD4 256.2G SSD/sata [Encrypted] /, /boot | ST2000DM008-2FR102 1.8T HDD/sata [Encrypted] | ST4000NM0115-1YZ107 3.6T HDD/sata [Encrypted] /run/media/shane/shane4tb-ent | SPCC Solid State Disk 223.6G SSD/sata [Encrypted]",mtxdb,0.1,710.1,4.5,4.6,1.5,7.9,5.2,2.7,12.2,0.1,,,,105449646,2099456,index_bytes,,,,,
2026-09-14T01:22:01+00:00,397be2c,"ASUSTeK COMPUTER INC. PRIME Z370-A | Intel(R) Core(TM) i5-8600K CPU @ 3.60GHz | Corsair 32GB (2133 MT/s) DDR4 1.2 V DIMM | Crucial_CT275MX300SSD4 256.2G SSD/sata [Encrypted] /, /boot | ST2000DM008-2FR102 1.8T HDD/sata [Encrypted] | ST4000NM0115-1YZ107 3.6T HDD/sata [Encrypted] /run/media/shane/shane4tb-ent | SPCC Solid State Disk 223.6G SSD/sata [Encrypted]",mdbx,0.1,277.4,0.5,0.5,0.6,6.6,5.2,1.3,,,,,,201326592,201326592,file_bytes,,,,,
2026-09-14T01:22:01+00:00,397be2c,"ASUSTeK COMPUTER INC. PRIME Z370-A | Intel(R) Core(TM) i5-8600K CPU @ 3.60GHz | Corsair 32GB (2133 MT/s) DDR4 1.2 V DIMM | Crucial_CT275MX300SSD4 256.2G SSD/sata [Encrypted] /, /boot | ST2000DM008-2FR102 1.8T HDD/sata [Encrypted] | ST4000NM0115-1YZ107 3.6T HDD/sata [Encrypted] /run/media/shane/shane4tb-ent | SPCC Solid State Disk 223.6G SSD/sata [Encrypted]",sqlite,0.1,2816.4,0.0,0.0,30.0,41.5,40.2,1.3,,,,,,457773056,457773056,file_bytes,,,,,
2026-09-14T01:26:23+00:00,397be2c,"ASUSTeK COMPUTER INC. PRIME Z370-A | Intel(R) Core(TM) i5-8600K CPU @ 3.60GHz | Corsair 32GB (2133 MT/s) DDR4 1.2 V DIMM | Crucial_CT275MX300SSD4 256.2G SSD/sata [Encrypted] /, /boot | ST2000DM008-2FR102 1.8T HDD/sata [Encrypted] | ST4000NM0115-1YZ107 3.6T HDD/sata [Encrypted] /run/media/shane/shane4tb-ent | SPCC Solid State Disk 223.6G SSD/sata [Encrypted]",mtxdb,0.1,658.7,5.2,4.7,1.4,7.0,4.5,2.6,9.2,0.0,,,,105449646,2099456,index_bytes,,,,,
2026-09-14T01:26:23+00:00,397be2c,"ASUSTeK COMPUTER INC. PRIME Z370-A | Intel(R) Core(TM) i5-8600K CPU @ 3.60GHz | Corsair 32GB (2133 MT/s) DDR4 1.2 V DIMM | Crucial_CT275MX300SSD4 256.2G SSD/sata [Encrypted] /, /boot | ST2000DM008-2FR102 1.8T HDD/sata [Encrypted] | ST4000NM0115-1YZ107 3.6T HDD/sata [Encrypted] /run/media/shane/shane4tb-ent | SPCC Solid State Disk 223.6G SSD/sata [Encrypted]",mdbx,0.1,280.7,0.5,0.5,0.6,7.0,5.5,1.5,,,,,,201326592,201326592,file_bytes,,,,,
2026-09-14T01:26:23+00:00,397be2c,"ASUSTeK COMPUTER INC. PRIME Z370-A | Intel(R) Core(TM) i5-8600K CPU @ 3.60GHz | Corsair 32GB (2133 MT/s) DDR4 1.2 V DIMM | Crucial_CT275MX300SSD4 256.2G SSD/sata [Encrypted] /, /boot | ST2000DM008-2FR102 1.8T HDD/sata [Encrypted] | ST4000NM0115-1YZ107 3.6T HDD/sata [Encrypted] /run/media/shane/shane4tb-ent | SPCC Solid State Disk 223.6G SSD/sata [Encrypted]",sqlite,0.1,2746.0,0.0,0.0,30.2,42.7,41.3,1.3,,,,,,457773056,457773056,file_bytes,,,,,
2026-09-14T01:52:29+00:00,45fb291,"ASUSTeK COMPUTER INC. PRIME Z370-A | Intel(R) Core(TM) i5-8600K CPU @ 3.60GHz | Corsair 32GB (2133 MT/s) DDR4 1.2 V DIMM | Crucial_CT275MX300SSD4 256.2G SSD/sata [Encrypted] /, /boot | ST2000DM008-2FR102 1.8T HDD/sata [Encrypted] | ST4000NM0115-1YZ107 3.6T HDD/sata [Encrypted] /run/media/shane/shane4tb-ent | SPCC Solid State Disk 223.6G SSD/sata [Encrypted]",mtxdb,0.1,599.8,4.8,4.8,1.2,7.4,4.9,2.5,8.5,0.0,,,,105449646,2099456,index_bytes,,,,,
2026-09-14T01:52:29+00:00,45fb291,"ASUSTeK COMPUTER INC. PRIME Z370-A | Intel(R) Core(TM) i5-8600K CPU @ 3.60GHz | Corsair 32GB (2133 MT/s) DDR4 1.2 V DIMM | Crucial_CT275MX300SSD4 256.2G SSD/sata [Encrypted] /, /boot | ST2000DM008-2FR102 1.8T HDD/sata [Encrypted] | ST4000NM0115-1YZ107 3.6T HDD/sata [Encrypted] /run/media/shane/shane4tb-ent | SPCC Solid State Disk 223.6G SSD/sata [Encrypted]",mdbx,0.1,243.1,0.5,0.5,0.5,6.2,5.0,1.2,,,,,,201326592,201326592,file_bytes,,,,,
2026-09-14T01:52:29+00:00,45fb291,"ASUSTeK COMPUTER INC. PRIME Z370-A | Intel(R) Core(TM) i5-8600K CPU @ 3.60GHz | Corsair 32GB (2133 MT/s) DDR4 1.2 V DIMM | Crucial_CT275MX300SSD4 256.2G SSD/sata [Encrypted] /, /boot | ST2000DM008-2FR102 1.8T HDD/sata [Encrypted] | ST4000NM0115-1YZ107 3.6T HDD/sata [Encrypted] /run/media/shane/shane4tb-ent | SPCC Solid State Disk 223.6G SSD/sata [Encrypted]",sqlite,0.1,2589.1,0.0,0.0,28.6,39.8,38.5,1.3,,,,,,457773056,457773056,file_bytes,,,,,
2026-09-14T02:06:50+00:00,5c240d2,"ASUSTeK COMPUTER INC. PRIME Z370-A | Intel(R) Core(TM) i5-8600K CPU @ 3.60GHz | Corsair 32GB (2133 MT/s) DDR4 1.2 V DIMM | Crucial_CT275MX300SSD4 256.2G SSD/sata [Encrypted] /, /boot | ST2000DM008-2FR102 1.8T HDD/sata [Encrypted] | ST4000NM0115-1YZ107 3.6T HDD/sata [Encrypted] /run/media/shane/shane4tb-ent | SPCC Solid State Disk 223.6G SSD/sata [Encrypted]",mtxdb,0.1,583.6,4.6,4.3,0.7,7.0,4.6,2.3,7.6,0.0,,,,105449643,2099456,index_bytes,,,,,
2026-09-14T02:06:50+00:00,5c240d2,"ASUSTeK COMPUTER INC. PRIME Z370-A | Intel(R) Core(TM) i5-8600K CPU @ 3.60GHz | Corsair 32GB (2133 MT/s) DDR4 1.2 V DIMM | Crucial_CT275MX300SSD4 256.2G SSD/sata [Encrypted] /, /boot | ST2000DM008-2FR102 1.8T HDD/sata [Encrypted] | ST4000NM0115-1YZ107 3.6T HDD/sata [Encrypted] /run/media/shane/shane4tb-ent | SPCC Solid State Disk 223.6G SSD/sata [Encrypted]",mdbx,0.1,231.6,0.5,0.5,0.5,6.1,4.9,1.3,,,,,,201326592,201326592,file_bytes,,,,,
2026-09-14T02:06:50+00:00,5c240d2,"ASUSTeK COMPUTER INC. PRIME Z370-A | Intel(R) Core(TM) i5-8600K CPU @ 3.60GHz | Corsair 32GB (2133 MT/s) DDR4 1.2 V DIMM | Crucial_CT275MX300SSD4 256.2G SSD/sata [Encrypted] /, /boot | ST2000DM008-2FR102 1.8T HDD/sata [Encrypted] | ST4000NM0115-1YZ107 3.6T HDD/sata [Encrypted] /run/media/shane/shane4tb-ent | SPCC Solid State Disk 223.6G SSD/sata [Encrypted]",sqlite,0.1,2540.0,0.0,0.0,28.1,42.5,41.3,1.2,,,,,,457773056,457773056,file_bytes,,,,,
2026-09-14T02:11:01+00:00,7c76ece,"ASUSTeK COMPUTER INC. PRIME Z370-A | Intel(R) Core(TM) i5-8600K CPU @ 3.60GHz | Corsair 32GB (2133 MT/s) DDR4 1.2 V DIMM | Crucial_CT275MX300SSD4 256.2G SSD/sata [Encrypted] /, /boot | ST2000DM008-2FR102 1.8T HDD/sata [Encrypted] | ST4000NM0115-1YZ107 3.6T HDD/sata [Encrypted] /run/media/shane/shane4tb-ent | SPCC Solid State Disk 223.6G SSD/sata [Encrypted]",mtxdb,0.1,562.9,4.5,4.5,0.3,6.5,4.3,2.3,7.4,0.0,,,,105449643,2099456,index_bytes,,,,,
2026-09-14T02:11:01+00:00,7c76ece,"ASUSTeK COMPUTER INC. PRIME Z370-A | Intel(R) Core(TM) i5-8600K CPU @ 3.60GHz | Corsair 32GB (2133 MT/s) DDR4 1.2 V DIMM | Crucial_CT275MX300SSD4 256.2G SSD/sata [Encrypted] /, /boot | ST2000DM008-2FR102 1.8T HDD/sata [Encrypted] | ST4000NM0115-1YZ107 3.6T HDD/sata [Encrypted] /run/media/shane/shane4tb-ent | SPCC Solid State Disk 223.6G SSD/sata [Encrypted]",mdbx,0.1,228.6,0.5,0.5,0.5,5.6,4.5,1.1,,,,,,201326592,201326592,file_bytes,,,,,
2026-09-14T02:11:01+00:00,7c76ece,"ASUSTeK COMPUTER INC. PRIME Z370-A | Intel(R) Core(TM) i5-8600K CPU @ 3.60GHz | Corsair 32GB (2133 MT/s) DDR4 1.2 V DIMM | Crucial_CT275MX300SSD4 256.2G SSD/sata [Encrypted] /, /boot | ST2000DM008-2FR102 1.8T HDD/sata [Encrypted] | ST4000NM0115-1YZ107 3.6T HDD/sata [Encrypted] /run/media/shane/shane4tb-ent | SPCC Solid State Disk 223.6G SSD/sata [Encrypted]",sqlite,0.1,2377.7,0.0,0.0,26.8,36.8,35.6,1.2,,,,,,457773056,457773056,file_bytes,,,,,
2026-09-14T02:30:31+00:00,3fa2254,"ASUSTeK COMPUTER INC. PRIME Z370-A | Intel(R) Core(TM) i5-8600K CPU @ 3.60GHz | Corsair 32GB (2133 MT/s) DDR4 1.2 V DIMM | Crucial_CT275MX300SSD4 256.2G SSD/sata [Encrypted] /, /boot | ST2000DM008-2FR102 1.8T HDD/sata [Encrypted] | ST4000NM0115-1YZ107 3.6T HDD/sata [Encrypted] /run/media/shane/shane4tb-ent | SPCC Solid State Disk 223.6G SSD/sata [Encrypted]",mtxdb,0.1,355.1,4.6,4.5,0.3,8.7,6.0,2.7,3.0,0.1,,,,105449644,2099712,index_bytes,,,,,
2026-09-14T02:30:31+00:00,3fa2254,"ASUSTeK COMPUTER INC. PRIME Z370-A | Intel(R) Core(TM) i5-8600K CPU @ 3.60GHz | Corsair 32GB (2133 MT/s) DDR4 1.2 V DIMM | Crucial_CT275MX300SSD4 256.2G SSD/sata [Encrypted] /, /boot | ST2000DM008-2FR102 1.8T HDD/sata [Encrypted] | ST4000NM0115-1YZ107 3.6T HDD/sata [Encrypted] /run/media/shane/shane4tb-ent | SPCC Solid State Disk 223.6G SSD/sata [Encrypted]",mdbx,0.1,254.0,0.5,0.5,0.5,6.3,4.5,1.8,,,,,,201326592,201326592,file_bytes,,,,,
2026-09-14T02:30:31+00:00,3fa2254,"ASUSTeK COMPUTER INC. PRIME Z370-A | Intel(R) Core(TM) i5-8600K CPU @ 3.60GHz | Corsair 32GB (2133 MT/s) DDR4 1.2 V DIMM | Crucial_CT275MX300SSD4 256.2G SSD/sata [Encrypted] /, /boot | ST2000DM008-2FR102 1.8T HDD/sata [Encrypted] | ST4000NM0115-1YZ107 3.6T HDD/sata [Encrypted] /run/media/shane/shane4tb-ent | SPCC Solid State Disk 223.6G SSD/sata [Encrypted]",sqlite,0.1,2618.0,0.0,0.0,28.8,42.8,41.5,1.3,,,,,,457773056,457773056,file_bytes,,,,,
2026-09-14T02:58:29+00:00,06d55ee,"ASUSTeK COMPUTER INC. PRIME Z370-A | Intel(R) Core(TM) i5-8600K CPU @ 3.60GHz | Corsair 32GB (2133 MT/s) DDR4 1.2 V DIMM | Crucial_CT275MX300SSD4 256.2G SSD/sata [Encrypted] /, /boot | ST2000DM008-2FR102 1.8T HDD/sata [Encrypted] | ST4000NM0115-1YZ107 3.6T HDD/sata [Encrypted] /run/media/shane/shane4tb-ent | SPCC Solid State Disk 223.6G SSD/sata [Encrypted]",mtxdb,0.1,206.8,4.4,4.2,0.3,6.2,3.9,2.2,1.3,0.0,,,,105449644,2099712,index_bytes,,,,,
2026-09-14T02:58:29+00:00,06d55ee,"ASUSTeK COMPUTER INC. PRIME Z370-A | Intel(R) Core(TM) i5-8600K CPU @ 3.60GHz | Corsair 32GB (2133 MT/s) DDR4 1.2 V DIMM | Crucial_CT275MX300SSD4 256.2G SSD/sata [Encrypted] /, /boot | ST2000DM008-2FR102 1.8T HDD/sata [Encrypted] | ST4000NM0115-1YZ107 3.6T HDD/sata [Encrypted] /run/media/shane/shane4tb-ent | SPCC Solid State Disk 223.6G SSD/sata [Encrypted]",mdbx,0.1,251.9,0.5,0.5,0.5,6.8,5.2,1.6,,,,,,201326592,201326592,file_bytes,,,,,
2026-09-14T02:58:29+00:00,06d55ee,"ASUSTeK COMPUTER INC. PRIME Z370-A | Intel(R) Core(TM) i5-8600K CPU @ 3.60GHz | Corsair 32GB (2133 MT/s) DDR4 1.2 V DIMM | Crucial_CT275MX300SSD4 256.2G SSD/sata [Encrypted] /, /boot | ST2000DM008-2FR102 1.8T HDD/sata [Encrypted] | ST4000NM0115-1YZ107 3.6T HDD/sata [Encrypted] /run/media/shane/shane4tb-ent | SPCC Solid State Disk 223.6G SSD/sata [Encrypted]",sqlite,0.1,2618.8,0.0,0.1,28.4,40.1,38.7,1.4,,,,,,457773056,457773056,file_bytes,,,,,
2026-09-14T03:10:31+00:00,5c20583,"ASUSTeK COMPUTER INC. PRIME Z370-A | Intel(R) Core(TM) i5-8600K CPU @ 3.60GHz | Corsair 32GB (2133 MT/s) DDR4 1.2 V DIMM | Crucial_CT275MX300SSD4 256.2G SSD/sata [Encrypted] /, /boot | ST2000DM008-2FR102 1.8T HDD/sata [Encrypted] | ST4000NM0115-1YZ107 3.6T HDD/sata [Encrypted] /run/media/shane/shane4tb-ent | SPCC Solid State Disk 223.6G SSD/sata [Encrypted]",mtxdb,0.1,203.0,4.7,7.3,0.3,7.1,4.5,2.6,1.5,0.1,,,,105449644,2099712,index_bytes,,,,,
2026-09-14T03:10:31+00:00,5c20583,"ASUSTeK COMPUTER INC. PRIME Z370-A | Intel(R) Core(TM) i5-8600K CPU @ 3.60GHz | Corsair 32GB (2133 MT/s) DDR4 1.2 V DIMM | Crucial_CT275MX300SSD4 256.2G SSD/sata [Encrypted] /, /boot | ST2000DM008-2FR102 1.8T HDD/sata [Encrypted] | ST4000NM0115-1YZ107 3.6T HDD/sata [Encrypted] /run/media/shane/shane4tb-ent | SPCC Solid State Disk 223.6G SSD/sata [Encrypted]",mdbx,0.1,266.5,0.5,0.5,0.5,5.8,4.5,1.4,,,,,,201326592,201326592,file_bytes,,,,,
2026-09-14T03:10:31+00:00,5c20583,"ASUSTeK COMPUTER INC. PRIME Z370-A | Intel(R) Core(TM) i5-8600K CPU @ 3.60GHz | Corsair 32GB (2133 MT/s) DDR4 1.2 V DIMM | Crucial_CT275MX300SSD4 256.2G SSD/sata [Encrypted] /, /boot | ST2000DM008-2FR102 1.8T HDD/sata [Encrypted] | ST4000NM0115-1YZ107 3.6T HDD/sata [Encrypted] /run/media/shane/shane4tb-ent | SPCC Solid State Disk 223.6G SSD/sata [Encrypted]",sqlite,0.1,2756.6,0.0,0.0,29.6,41.5,40.0,1.5,,,,,,457773056,457773056,file_bytes,,,,,
2026-09-14T03:21:06+00:00,5bbc282,"ASUSTeK COMPUTER INC. PRIME Z370-A | Intel(R) Core(TM) i5-8600K CPU @ 3.60GHz | Corsair 32GB (2133 MT/s) DDR4 1.2 V DIMM | Crucial_CT275MX300SSD4 256.2G SSD/sata [Encrypted] /, /boot | ST2000DM008-2FR102 1.8T HDD/sata [Encrypted] | ST4000NM0115-1YZ107 3.6T HDD/sata [Encrypted] /run/media/shane/shane4tb-ent | SPCC Solid State Disk 223.6G SSD/sata [Encrypted]",mtxdb,0.1,203.9,5.8,5.0,0.3,6.5,4.1,2.4,1.4,0.1,,,,105449644,2099712,index_bytes,,,,,
2026-09-14T03:21:06+00:00,5bbc282,"ASUSTeK COMPUTER INC. PRIME Z370-A | Intel(R) Core(TM) i5-8600K CPU @ 3.60GHz | Corsair 32GB (2133 MT/s) DDR4 1.2 V DIMM | Crucial_CT275MX300SSD4 256.2G SSD/sata [Encrypted] /, /boot | ST2000DM008-2FR102 1.8T HDD/sata [Encrypted] | ST4000NM0115-1YZ107 3.6T HDD/sata [Encrypted] /run/media/shane/shane4tb-ent | SPCC Solid State Disk 223.6G SSD/sata [Encrypted]",mdbx,0.1,272.8,0.5,0.5,0.6,7.4,5.4,2.0,,,,,,201326592,201326592,file_bytes,,,,,
2026-09-14T03:21:06+00:00,5bbc282,"ASUSTeK COMPUTER INC. PRIME Z370-A | Intel(R) Core(TM) i5-8600K CPU @ 3.60GHz | Corsair 32GB (2133 MT/s) DDR4 1.2 V DIMM | Crucial_CT275MX300SSD4 256.2G SSD/sata [Encrypted] /, /boot | ST2000DM008-2FR102 1.8T HDD/sata [Encrypted] | ST4000NM0115-1YZ107 3.6T HDD/sata [Encrypted] /run/media/shane/shane4tb-ent | SPCC Solid State Disk 223.6G SSD/sata [Encrypted]",sqlite,0.1,2817.0,0.0,0.0,30.2,42.5,41.0,1.4,,,,,,457773056,457773056,file_bytes,,,,,
2026-09-14T03:24:51+00:00,1570c52,"ASUSTeK COMPUTER INC. PRIME Z370-A | Intel(R) Core(TM) i5-8600K CPU @ 3.60GHz | Corsair 32GB (2133 MT/s) DDR4 1.2 V DIMM | Crucial_CT275MX300SSD4 256.2G SSD/sata [Encrypted] /, /boot | ST2000DM008-2FR102 1.8T HDD/sata [Encrypted] | ST4000NM0115-1YZ107 3.6T HDD/sata [Encrypted] /run/media/shane/shane4tb-ent | SPCC Solid State Disk 223.6G SSD/sata [Encrypted]",mtxdb,0.1,220.1,4.9,4.88,0.32,7.18,4.54,2.65,1.55,0.06,,,,105449644,2099712,index_bytes,,,,,
2026-09-14T03:24:51+00:00,1570c52,"ASUSTeK COMPUTER INC. PRIME Z370-A | Intel(R) Core(TM) i5-8600K CPU @ 3.60GHz | Corsair 32GB (2133 MT/s) DDR4 1.2 V DIMM | Crucial_CT275MX300SSD4 256.2G SSD/sata [Encrypted] /, /boot | ST2000DM008-2FR102 1.8T HDD/sata [Encrypted] | ST4000NM0115-1YZ107 3.6T HDD/sata [Encrypted] /run/media/shane/shane4tb-ent | SPCC Solid State Disk 223.6G SSD/sata [Encrypted]",mdbx,0.1,283.7,0.54,0.52,0.66,6.8,5.5,1.3,,,,,,201326592,201326592,file_bytes,,,,,
2026-09-14T03:24:51+00:00,1570c52,"ASUSTeK COMPUTER INC. PRIME Z370-A | Intel(R) Core(TM) i5-8600K CPU @ 3.60GHz | Corsair 32GB (2133 MT/s) DDR4 1.2 V DIMM | Crucial_CT275MX300SSD4 256.2G SSD/sata [Encrypted] /, /boot | ST2000DM008-2FR102 1.8T HDD/sata [Encrypted] | ST4000NM0115-1YZ107 3.6T HDD/sata [Encrypted] /run/media/shane/shane4tb-ent | SPCC Solid State Disk 223.6G SSD/sata [Encrypted]",sqlite,0.1,3038.1,0.04,0.06,31.16,49.25,47.6,1.65,,,,,,457773056,457773056,file_bytes,,,,,
2026-09-14T03:31:01+00:00,23785f6,"ASUSTeK COMPUTER INC. PRIME Z370-A | Intel(R) Core(TM) i5-8600K CPU @ 3.60GHz | Corsair 32GB (2133 MT/s) DDR4 1.2 V DIMM | Crucial_CT275MX300SSD4 256.2G SSD/sata [Encrypted] /, /boot | ST2000DM008-2FR102 1.8T HDD/sata [Encrypted] | ST4000NM0115-1YZ107 3.6T HDD/sata [Encrypted] /run/media/shane/shane4tb-ent | SPCC Solid State Disk 223.6G SSD/sata [Encrypted]",mtxdb,0.1,202.6,4.71,4.74,0.3,6.34,4.01,2.33,1.39,0.05,,,,105449644,2099712,index_bytes,,,,,
2026-09-14T03:31:01+00:00,23785f6,"ASUSTeK COMPUTER INC. PRIME Z370-A | Intel(R) Core(TM) i5-8600K CPU @ 3.60GHz | Corsair 32GB (2133 MT/s) DDR4 1.2 V DIMM | Crucial_CT275MX300SSD4 256.2G SSD/sata [Encrypted] /, /boot | ST2000DM008-2FR102 1.8T HDD/sata [Encrypted] | ST4000NM0115-1YZ107 3.6T HDD/sata [Encrypted] /run/media/shane/shane4tb-ent | SPCC Solid State Disk 223.6G SSD/sata [Encrypted]",mdbx,0.1,295.2,0.55,0.54,0.85,8.46,6.87,1.59,,,,,,201326592,201326592,file_bytes,,,,,
2026-09-14T03:31:01+00:00,23785f6,"ASUSTeK COMPUTER INC. PRIME Z370-A | Intel(R) Core(TM) i5-8600K CPU @ 3.60GHz | Corsair 32GB (2133 MT/s) DDR4 1.2 V DIMM | Crucial_CT275MX300SSD4 256.2G SSD/sata [Encrypted] /, /boot | ST2000DM008-2FR102 1.8T HDD/sata [Encrypted] | ST4000NM0115-1YZ107 3.6T HDD/sata [Encrypted] /run/media/shane/shane4tb-ent | SPCC Solid State Disk 223.6G SSD/sata [Encrypted]",sqlite,0.1,3000.5,0.12,0.11,30.5,42.76,41.27,1.49,,,,,,457773056,457773056,file_bytes,,,,,
2026-09-14T03:33:55+00:00,d9e1916,"ASUSTeK COMPUTER INC. PRIME Z370-A | Intel(R) Core(TM) i5-8600K CPU @ 3.60GHz | Corsair 32GB (2133 MT/s) DDR4 1.2 V DIMM | Crucial_CT275MX300SSD4 256.2G SSD/sata [Encrypted] /, /boot | ST2000DM008-2FR102 1.8T HDD/sata [Encrypted] | ST4000NM0115-1YZ107 3.6T HDD/sata [Encrypted] /run/media/shane/shane4tb-ent | SPCC Solid State Disk 223.6G SSD/sata [Encrypted]",mtxdb,0.1,201.9,4.76,4.78,0.31,6.77,4.16,2.61,1.55,0.05,,,,105449644,2099712,index_bytes,,,,,
2026-09-14T03:33:55+00:00,d9e1916,"ASUSTeK COMPUTER INC. PRIME Z370-A | Intel(R) Core(TM) i5-8600K CPU @ 3.60GHz | Corsair 32GB (2133 MT/s) DDR4 1.2 V DIMM | Crucial_CT275MX300SSD4 256.2G SSD/sata [Encrypted] /, /boot | ST2000DM008-2FR102 1.8T HDD/sata [Encrypted] | ST4000NM0115-1YZ107 3.6T HDD/sata [Encrypted] /run/media/shane/shane4tb-ent | SPCC Solid State Disk 223.6G SSD/sata [Encrypted]",mdbx,0.1,265.3,0.57,0.58,0.56,7.28,5.66,1.62,,,,,,201326592,201326592,file_bytes,,,,,
2026-09-14T03:33:55+00:00,d9e1916,"ASUSTeK COMPUTER INC. PRIME Z370-A | Intel(R) Core(TM) i5-8600K CPU @ 3.60GHz | Corsair 32GB (2133 MT/s) DDR4 1.2 V DIMM | Crucial_CT275MX300SSD4 256.2G SSD/sata [Encrypted] /, /boot | ST2000DM008-2FR102 1.8T HDD/sata [Encrypted] | ST4000NM0115-1YZ107 3.6T HDD/sata [Encrypted] /run/media/shane/shane4tb-ent | SPCC Solid State Disk 223.6G SSD/sata [Encrypted]",sqlite,0.1,2696.5,0.1,0.11,29.21,41.05,39.6,1.45,,,,,,457773056,457773056,file_bytes,,,,,
2026-09-14T03:44:40+00:00,a03deef,"ASUSTeK COMPUTER INC. PRIME Z370-A | Intel(R) Core(TM) i5-8600K CPU @ 3.60GHz | Corsair 32GB (2133 MT/s) DDR4 1.2 V DIMM | Crucial_CT275MX300SSD4 256.2G SSD/sata [Encrypted] /, /boot | ST2000DM008-2FR102 1.8T HDD/sata [Encrypted] | ST4000NM0115-1YZ107 3.6T HDD/sata [Encrypted] /run/media/shane/shane4tb-ent | SPCC Solid State Disk 223.6G SSD/sata [Encrypted]",mtxdb,0.1,323.7,4.66,4.56,0.37,8.86,5.89,2.97,1.5,0.07,,,,105449645,2099712,index_bytes,,,,,
2026-09-14T03:44:40+00:00,a03deef,"ASUSTeK COMPUTER INC. PRIME Z370-A | Intel(R) Core(TM) i5-8600K CPU @ 3.60GHz | Corsair 32GB (2133 MT/s) DDR4 1.2 V DIMM | Crucial_CT275MX300SSD4 256.2G SSD/sata [Encrypted] /, /boot | ST2000DM008-2FR102 1.8T HDD/sata [Encrypted] | ST4000NM0115-1YZ107 3.6T HDD/sata [Encrypted] /run/media/shane/shane4tb-ent | SPCC Solid State Disk 223.6G SSD/sata [Encrypted]",mdbx,0.1,276.3,0.64,0.51,0.62,13.75,12.31,1.44,,,,,,201326592,201326592,file_bytes,,,,,
2026-09-14T03:44:40+00:00,a03deef,"ASUSTeK COMPUTER INC. PRIME Z370-A | Intel(R) Core(TM) i5-8600K CPU @ 3.60GHz | Corsair 32GB (2133 MT/s) DDR4 1.2 V DIMM | Crucial_CT275MX300SSD4 256.2G SSD/sata [Encrypted] /, /boot | ST2000DM008-2FR102 1.8T HDD/sata [Encrypted] | ST4000NM0115-1YZ107 3.6T HDD/sata [Encrypted] /run/media/shane/shane4tb-ent | SPCC Solid State Disk 223.6G SSD/sata [Encrypted]",sqlite,0.1,3145.0,0.11,0.12,33.24,43.0,41.57,1.43,,,,,,457773056,457773056,file_bytes,,,,,
2026-09-14T03:46:09+00:00,82ed9e2,"ASUSTeK COMPUTER INC. PRIME Z370-A | Intel(R) Core(TM) i5-8600K CPU @ 3.60GHz | Corsair 32GB (2133 MT/s) DDR4 1.2 V DIMM | Crucial_CT275MX300SSD4 256.2G SSD/sata [Encrypted] /, /boot | ST2000DM008-2FR102 1.8T HDD/sata [Encrypted] | ST4000NM0115-1YZ107 3.6T HDD/sata [Encrypted] /run/media/shane/shane4tb-ent | SPCC Solid State Disk 223.6G SSD/sata [Encrypted]",mtxdb,0.1,198.9,5.07,5.11,0.3,7.27,4.07,3.2,1.49,0.05,,,,105449645,2099712,index_bytes,,,,,
2026-09-14T03:46:09+00:00,82ed9e2,"ASUSTeK COMPUTER INC. PRIME Z370-A | Intel(R) Core(TM) i5-8600K CPU @ 3.60GHz | Corsair 32GB (2133 MT/s) DDR4 1.2 V DIMM | Crucial_CT275MX300SSD4 256.2G SSD/sata [Encrypted] /, /boot | ST2000DM008-2FR102 1.8T HDD/sata [Encrypted] | ST4000NM0115-1YZ107 3.6T HDD/sata [Encrypted] /run/media/shane/shane4tb-ent | SPCC Solid State Disk 223.6G SSD/sata [Encrypted]",mdbx,0.1,266.8,0.5,0.49,0.57,6.51,5.1,1.4,,,,,,201326592,201326592,file_bytes,,,,,
2026-09-14T03:46:09+00:00,82ed9e2,"ASUSTeK COMPUTER INC. PRIME Z370-A | Intel(R) Core(TM) i5-8600K CPU @ 3.60GHz | Corsair 32GB (2133 MT/s) DDR4 1.2 V DIMM | Crucial_CT275MX300SSD4 256.2G SSD/sata [Encrypted] /, /boot | ST2000DM008-2FR102 1.8T HDD/sata [Encrypted] | ST4000NM0115-1YZ107 3.6T HDD/sata [Encrypted] /run/media/shane/shane4tb-ent | SPCC Solid State Disk 223.6G SSD/sata [Encrypted]",sqlite,0.1,2792.0,0.12,0.12,29.91,43.13,41.74,1.4,,,,,,457773056,457773056,file_bytes,,,,,
2026-09-14T03:55:16+00:00,64cf3ac,"ASUSTeK COMPUTER INC. PRIME Z370-A | Intel(R) Core(TM) i5-8600K CPU @ 3.60GHz | Corsair 32GB (2133 MT/s) DDR4 1.2 V DIMM | Crucial_CT275MX300SSD4 256.2G SSD/sata [Encrypted] /, /boot | ST2000DM008-2FR102 1.8T HDD/sata [Encrypted] | ST4000NM0115-1YZ107 3.6T HDD/sata [Encrypted] /run/media/shane/shane4tb-ent | SPCC Solid State Disk 223.6G SSD/sata [Encrypted]",mtxdb,0.1,199.7,4.18,4.18,0.26,6.24,4.03,2.21,1.35,0.05,,,,105449645,2099712,index_bytes,,,,,
2026-09-14T03:55:16+00:00,64cf3ac,"ASUSTeK COMPUTER INC. PRIME Z370-A | Intel(R) Core(TM) i5-8600K CPU @ 3.60GHz | Corsair 32GB (2133 MT/s) DDR4 1.2 V DIMM | Crucial_CT275MX300SSD4 256.2G SSD/sata [Encrypted] /, /boot | ST2000DM008-2FR102 1.8T HDD/sata [Encrypted] | ST4000NM0115-1YZ107 3.6T HDD/sata [Encrypted] /run/media/shane/shane4tb-ent | SPCC Solid State Disk 223.6G SSD/sata [Encrypted]",mdbx,0.1,247.4,0.5,0.48,0.53,5.7,4.59,1.11,,,,,,201326592,201326592,file_bytes,,,,,
2026-09-14T03:55:16+00:00,64cf3ac,"ASUSTeK COMPUTER INC. PRIME Z370-A | Intel(R) Core(TM) i5-8600K CPU @ 3.60GHz | Corsair 32GB (2133 MT/s) DDR4 1.2 V DIMM | Crucial_CT275MX300SSD4 256.2G SSD/sata [Encrypted] /, /boot | ST2000DM008-2FR102 1.8T HDD/sata [Encrypted] | ST4000NM0115-1YZ107 3.6T HDD/sata [Encrypted] /run/media/shane/shane4tb-ent | SPCC Solid State Disk 223.6G SSD/sata [Encrypted]",sqlite,0.1,2544.9,0.1,0.1,27.33,39.24,37.88,1.36,,,,,,457773056,457773056,file_bytes,,,,,
2026-09-14T03:57:15+00:00,6b2b2eb,"ASUSTeK COMPUTER INC. PRIME Z370-A | Intel(R) Core(TM) i5-8600K CPU @ 3.60GHz | Corsair 32GB (2133 MT/s) DDR4 1.2 V DIMM | Crucial_CT275MX300SSD4 256.2G SSD/sata [Encrypted] /, /boot | ST2000DM008-2FR102 1.8T HDD/sata [Encrypted] | ST4000NM0115-1YZ107 3.6T HDD/sata [Encrypted] /run/media/shane/shane4tb-ent | SPCC Solid State Disk 223.6G SSD/sata [Encrypted]",mtxdb,0.1,194.1,4.64,5.14,0.29,6.52,4.12,2.4,1.46,0.05,,,,105449645,2099712,index_bytes,,,,,
2026-09-14T03:57:15+00:00,6b2b2eb,"ASUSTeK COMPUTER INC. PRIME Z370-A | Intel(R) Core(TM) i5-8600K CPU @ 3.60GHz | Corsair 32GB (2133 MT/s) DDR4 1.2 V DIMM | Crucial_CT275MX300SSD4 256.2G SSD/sata [Encrypted] /, /boot | ST2000DM008-2FR102 1.8T HDD/sata [Encrypted] | ST4000NM0115-1YZ107 3.6T HDD/sata [Encrypted] /run/media/shane/shane4tb-ent | SPCC Solid State Disk 223.6G SSD/sata [Encrypted]",mdbx,0.1,253.7,0.52,0.49,0.58,6.59,5.02,1.57,,,,,,201326592,201326592,file_bytes,,,,,
2026-09-14T03:57:15+00:00,6b2b2eb,"ASUSTeK COMPUTER INC. PRIME Z370-A | Intel(R) Core(TM) i5-8600K CPU @ 3.60GHz | Corsair 32GB (2133 MT/s) DDR4 1.2 V DIMM | Crucial_CT275MX300SSD4 256.2G SSD/sata [Encrypted] /, /boot | ST2000DM008-2FR102 1.8T HDD/sata [Encrypted] | ST4000NM0115-1YZ107 3.6T HDD/sata [Encrypted] /run/media/shane/shane4tb-ent | SPCC Solid State Disk 223.6G SSD/sata [Encrypted]",sqlite,0.1,2688.3,0.1,0.12,29.22,55.5,53.87,1.63,,,,,,457773056,457773056,file_bytes,,,,,
2026-09-14T04:35:32+00:00,9118fdc,"ASUSTeK COMPUTER INC. PRIME Z370-A | Intel(R) Core(TM) i5-8600K CPU @ 3.60GHz | Corsair 32GB (2133 MT/s) DDR4 1.2 V DIMM | Crucial_CT275MX300SSD4 256.2G SSD/sata [Encrypted] /, /boot | ST2000DM008-2FR102 1.8T HDD/sata [Encrypted] | ST4000NM0115-1YZ107 3.6T HDD/sata [Encrypted] /run/media/shane/shane4tb-ent | SPCC Solid State Disk 223.6G SSD/sata [Encrypted]",mtxdb,0.1,316.7,6.4,5.87,0.38,7.26,4.5,2.76,1.6,0.06,,,,105449645,2099712,index_bytes,,,,,
2026-09-14T04:35:32+00:00,9118fdc,"ASUSTeK COMPUTER INC. PRIME Z370-A | Intel(R) Core(TM) i5-8600K CPU @ 3.60GHz | Corsair 32GB (2133 MT/s) DDR4 1.2 V DIMM | Crucial_CT275MX300SSD4 256.2G SSD/sata [Encrypted] /, /boot | ST2000DM008-2FR102 1.8T HDD/sata [Encrypted] | ST4000NM0115-1YZ107 3.6T HDD/sata [Encrypted] /run/media/shane/shane4tb-ent | SPCC Solid State Disk 223.6G SSD/sata [Encrypted]",mdbx,0.1,334.3,1.88,0.55,0.78,13.54,11.62,1.92,,,,,,201326592,201326592,file_bytes,,,,,
2026-09-14T04:35:32+00:00,9118fdc,"ASUSTeK COMPUTER INC. PRIME Z370-A | Intel(R) Core(TM) i5-8600K CPU @ 3.60GHz | Corsair 32GB (2133 MT/s) DDR4 1.2 V DIMM | Crucial_CT275MX300SSD4 256.2G SSD/sata [Encrypted] /, /boot | ST2000DM008-2FR102 1.8T HDD/sata [Encrypted] | ST4000NM0115-1YZ107 3.6T HDD/sata [Encrypted] /run/media/shane/shane4tb-ent | SPCC Solid State Disk 223.6G SSD/sata [Encrypted]",sqlite,0.1,3293.6,0.12,0.16,33.28,49.0,47.5,1.5,,,,,,457773056,457773056,file_bytes,,,,,
2026-09-14T04:38:41+00:00,04f27e1,"ASUSTeK COMPUTER INC. PRIME Z370-A | Intel(R) Core(TM) i5-8600K CPU @ 3.60GHz | Corsair 32GB (2133 MT/s) DDR4 1.2 V DIMM | Crucial_CT275MX300SSD4 256.2G SSD/sata [Encrypted] /, /boot | ST2000DM008-2FR102 1.8T HDD/sata [Encrypted] | ST4000NM0115-1YZ107 3.6T HDD/sata [Encrypted] /run/media/shane/shane4tb-ent | SPCC Solid State Disk 223.6G SSD/sata [Encrypted]",mtxdb,0.1,255.4,7.77,4.8,0.39,10.4,6.9,3.5,1.95,0.07,,,,105449642,2099712,index_bytes,,,,,
2026-09-14T04:38:41+00:00,04f27e1,"ASUSTeK COMPUTER INC. PRIME Z370-A | Intel(R) Core(TM) i5-8600K CPU @ 3.60GHz | Corsair 32GB (2133 MT/s) DDR4 1.2 V DIMM | Crucial_CT275MX300SSD4 256.2G SSD/sata [Encrypted] /, /boot | ST2000DM008-2FR102 1.8T HDD/sata [Encrypted] | ST4000NM0115-1YZ107 3.6T HDD/sata [Encrypted] /run/media/shane/shane4tb-ent | SPCC Solid State Disk 223.6G SSD/sata [Encrypted]",mdbx,0.1,433.9,0.67,0.64,1.07,12.04,9.97,2.07,,,,,,201326592,201326592,file_bytes,,,,,
2026-09-14T04:38:41+00:00,04f27e1,"ASUSTeK COMPUTER INC. PRIME Z370-A | Intel(R) Core(TM) i5-8600K CPU @ 3.60GHz | Corsair 32GB (2133 MT/s) DDR4 1.2 V DIMM | Crucial_CT275MX300SSD4 256.2G SSD/sata [Encrypted] /, /boot | ST2000DM008-2FR102 1.8T HDD/sata [Encrypted] | ST4000NM0115-1YZ107 3.6T HDD/sata [Encrypted] /run/media/shane/shane4tb-ent | SPCC Solid State Disk 223.6G SSD/sata [Encrypted]",sqlite,0.1,3525.7,0.12,0.13,33.23,68.23,66.36,1.87,,,,,,457773056,457773056,file_bytes,,,,,
2026-09-14T04:39:29+00:00,e6c56fe,"ASUSTeK COMPUTER INC. PRIME Z370-A | Intel(R) Core(TM) i5-8600K CPU @ 3.60GHz | Corsair 32GB (2133 MT/s) DDR4 1.2 V DIMM | Crucial_CT275MX300SSD4 256.2G SSD/sata [Encrypted] /, /boot | ST2000DM008-2FR102 1.8T HDD/sata [Encrypted] | ST4000NM0115-1YZ107 3.6T HDD/sata [Encrypted] /run/media/shane/shane4tb-ent | SPCC Solid State Disk 223.6G SSD/sata [Encrypted]",mtxdb,0.1,308.6,4.66,4.39,0.39,8.68,4.85,3.83,1.68,0.08,,,,105449645,2099712,index_bytes,,,,,
2026-09-14T04:39:29+00:00,e6c56fe,"ASUSTeK COMPUTER INC. PRIME Z370-A | Intel(R) Core(TM) i5-8600K CPU @ 3.60GHz | Corsair 32GB (2133 MT/s) DDR4 1.2 V DIMM | Crucial_CT275MX300SSD4 256.2G SSD/sata [Encrypted] /, /boot | ST2000DM008-2FR102 1.8T HDD/sata [Encrypted] | ST4000NM0115-1YZ107 3.6T HDD/sata [Encrypted] /run/media/shane/shane4tb-ent | SPCC Solid State Disk 223.6G SSD/sata [Encrypted]",mdbx,0.1,320.2,0.65,0.57,0.76,12.57,10.75,1.81,,,,,,201326592,201326592,file_bytes,,,,,
2026-09-14T04:39:29+00:00,e6c56fe,"ASUSTeK COMPUTER INC. PRIME Z370-A | Intel(R) Core(TM) i5-8600K CPU @ 3.60GHz | Corsair 32GB (2133 MT/s) DDR4 1.2 V DIMM | Crucial_CT275MX300SSD4 256.2G SSD/sata [Encrypted] /, /boot | ST2000DM008-2FR102 1.8T HDD/sata [Encrypted] | ST4000NM0115-1YZ107 3.6T HDD/sata [Encrypted] /run/media/shane/shane4tb-ent | SPCC Solid State Disk 223.6G SSD/sata [Encrypted]",sqlite,0.1,3198.7,0.13,0.13,32.08,47.74,45.96,1.78,,,,,,457773056,457773056,file_bytes,,,,,
2026-09-14T04:44:45+00:00,da6f070,"ASUSTeK COMPUTER INC. PRIME Z370-A | Intel(R) Core(TM) i5-8600K CPU @ 3.60GHz | Corsair 32GB (2133 MT/s) DDR4 1.2 V DIMM | Crucial_CT275MX300SSD4 256.2G SSD/sata [Encrypted] /, /boot | ST2000DM008-2FR102 1.8T HDD/sata [Encrypted] | ST4000NM0115-1YZ107 3.6T HDD/sata [Encrypted] /run/media/shane/shane4tb-ent | SPCC Solid State Disk 223.6G SSD/sata [Encrypted]",mtxdb,0.1,189.5,3.89,3.88,0.29,6.92,4.57,2.35,1.35,0.05,,,,105449646,2099712,index_bytes,,,,,
2026-09-14T04:44:45+00:00,da6f070,"ASUSTeK COMPUTER INC. PRIME Z370-A | Intel(R) Core(TM) i5-8600K CPU @ 3.60GHz | Corsair 32GB (2133 MT/s) DDR4 1.2 V DIMM | Crucial_CT275MX300SSD4 256.2G SSD/sata [Encrypted] /, /boot | ST2000DM008-2FR102 1.8T HDD/sata [Encrypted] | ST4000NM0115-1YZ107 3.6T HDD/sata [Encrypted] /run/media/shane/shane4tb-ent | SPCC Solid State Disk 223.6G SSD/sata [Encrypted]",mdbx,0.1,238.8,0.5,0.48,0.53,5.95,4.68,1.28,,,,,,201326592,201326592,file_bytes,,,,,
2026-09-14T04:44:45+00:00,da6f070,"ASUSTeK COMPUTER INC. PRIME Z370-A | Intel(R) Core(TM) i5-8600K CPU @ 3.60GHz | Corsair 32GB (2133 MT/s) DDR4 1.2 V DIMM | Crucial_CT275MX300SSD4 256.2G SSD/sata [Encrypted] /, /boot | ST2000DM008-2FR102 1.8T HDD/sata [Encrypted] | ST4000NM0115-1YZ107 3.6T HDD/sata [Encrypted] /run/media/shane/shane4tb-ent | SPCC Solid State Disk 223.6G SSD/sata [Encrypted]",sqlite,0.1,2566.5,0.1,0.11,27.14,40.12,38.84,1.28,,,,,,457773056,457773056,file_bytes,,,,,
2026-09-14T04:46:58+00:00,7112e69,"ASUSTeK COMPUTER INC. PRIME Z370-A | Intel(R) Core(TM) i5-8600K CPU @ 3.60GHz | Corsair 32GB (2133 MT/s) DDR4 1.2 V DIMM | Crucial_CT275MX300SSD4 256.2G SSD/sata [Encrypted] /, /boot | ST2000DM008-2FR102 1.8T HDD/sata [Encrypted] | ST4000NM0115-1YZ107 3.6T HDD/sata [Encrypted] /run/media/shane/shane4tb-ent | SPCC Solid State Disk 223.6G SSD/sata [Encrypted]",mtxdb,0.1,199.0,3.91,4.03,0.29,7.11,5.37,1.74,1.44,0.06,,,,105449646,2099712,index_bytes,,,,,
2026-09-14T04:46:58+00:00,7112e69,"ASUSTeK COMPUTER INC. PRIME Z370-A | Intel(R) Core(TM) i5-8600K CPU @ 3.60GHz | Corsair 32GB (2133 MT/s) DDR4 1.2 V DIMM | Crucial_CT275MX300SSD4 256.2G SSD/sata [Encrypted] /, /boot | ST2000DM008-2FR102 1.8T HDD/sata [Encrypted] | ST4000NM0115-1YZ107 3.6T HDD/sata [Encrypted] /run/media/shane/shane4tb-ent | SPCC Solid State Disk 223.6G SSD/sata [Encrypted]",mdbx,0.1,260.4,0.5,0.52,0.55,6.66,5.42,1.24,,,,,,201326592,201326592,file_bytes,,,,,
2026-09-14T04:46:58+00:00,7112e69,"ASUSTeK COMPUTER INC. PRIME Z370-A | Intel(R) Core(TM) i5-8600K CPU @ 3.60GHz | Corsair 32GB (2133 MT/s) DDR4 1.2 V DIMM | Crucial_CT275MX300SSD4 256.2G SSD/sata [Encrypted] /, /boot | ST2000DM008-2FR102 1.8T HDD/sata [Encrypted] | ST4000NM0115-1YZ107 3.6T HDD/sata [Encrypted] /run/media/shane/shane4tb-ent | SPCC Solid State Disk 223.6G SSD/sata [Encrypted]",sqlite,0.1,2665.0,0.1,0.11,28.62,41.08,39.7,1.38,,,,,,457773056,457773056,file_bytes,,,,,
2026-09-14T05:04:33+00:00,3869945,"ASUSTeK COMPUTER INC. PRIME Z370-A | Intel(R) Core(TM) i5-8600K CPU @ 3.60GHz | Corsair 32GB (2133 MT/s) DDR4 1.2 V DIMM | Crucial_CT275MX300SSD4 256.2G SSD/sata [Encrypted] /, /boot | ST2000DM008-2FR102 1.8T HDD/sata [Encrypted] | ST4000NM0115-1YZ107 3.6T HDD/sata [Encrypted] /run/media/shane/shane4tb-ent | SPCC Solid State Disk 223.6G SSD/sata [Encrypted]",mtxdb,0.1,198.2,2.14,2.13,0.3,7.35,4.75,2.6,1.42,0.05,,,,105449654,2099712,index_bytes,,,,,
2026-09-14T05:04:33+00:00,3869945,"ASUSTeK COMPUTER INC. PRIME Z370-A | Intel(R) Core(TM) i5-8600K CPU @ 3.60GHz | Corsair 32GB (2133 MT/s) DDR4 1.2 V DIMM | Crucial_CT275MX300SSD4 256.2G SSD/sata [Encrypted] /, /boot | ST2000DM008-2FR102 1.8T HDD/sata [Encrypted] | ST4000NM0115-1YZ107 3.6T HDD/sata [Encrypted] /run/media/shane/shane4tb-ent | SPCC Solid State Disk 223.6G SSD/sata [Encrypted]",mdbx,0.1,252.4,0.57,0.5,0.54,6.05,4.88,1.17,,,,,,201326592,201326592,file_bytes,,,,,
2026-09-14T05:04:33+00:00,3869945,"ASUSTeK COMPUTER INC. PRIME Z370-A | Intel(R) Core(TM) i5-8600K CPU @ 3.60GHz | Corsair 32GB (2133 MT/s) DDR4 1.2 V DIMM | Crucial_CT275MX300SSD4 256.2G SSD/sata [Encrypted] /, /boot | ST2000DM008-2FR102 1.8T HDD/sata [Encrypted] | ST4000NM0115-1YZ107 3.6T HDD/sata [Encrypted] /run/media/shane/shane4tb-ent | SPCC Solid State Disk 223.6G SSD/sata [Encrypted]",sqlite,0.1,2646.9,0.1,0.11,28.15,44.08,42.68,1.4,,,,,,457773056,457773056,file_bytes,,,,,
2026-09-14T05:51:04+00:00,b93318e,"ASUSTeK COMPUTER INC. PRIME Z370-A | Intel(R) Core(TM) i5-8600K CPU @ 3.60GHz | Corsair 32GB (2133 MT/s) DDR4 1.2 V DIMM | Crucial_CT275MX300SSD4 256.2G SSD/sata [Encrypted] /, /boot | ST2000DM008-2FR102 1.8T HDD/sata [Encrypted] | ST4000NM0115-1YZ107 3.6T HDD/sata [Encrypted] /run/media/shane/shane4tb-ent | SPCC Solid State Disk 223.6G SSD/sata [Encrypted]",mtxdb,0.1,199.7,2.36,2.17,0.29,7.23,4.71,2.52,1.44,0.04,,,,105449654,2099712,index_bytes,,,,,
2026-09-14T05:51:04+00:00,b93318e,"ASUSTeK COMPUTER INC. PRIME Z370-A | Intel(R) Core(TM) i5-8600K CPU @ 3.60GHz | Corsair 32GB (2133 MT/s) DDR4 1.2 V DIMM | Crucial_CT275MX300SSD4 256.2G SSD/sata [Encrypted] /, /boot | ST2000DM008-2FR102 1.8T HDD/sata [Encrypted] | ST4000NM0115-1YZ107 3.6T HDD/sata [Encrypted] /run/media/shane/shane4tb-ent | SPCC Solid State Disk 223.6G SSD/sata [Encrypted]",mdbx,0.1,246.0,0.49,0.5,0.55,7.05,5.26,1.79,,,,,,201326592,201326592,file_bytes,,,,,
2026-09-14T05:51:04+00:00,b93318e,"ASUSTeK COMPUTER INC. PRIME Z370-A | Intel(R) Core(TM) i5-8600K CPU @ 3.60GHz | Corsair 32GB (2133 MT/s) DDR4 1.2 V DIMM | Crucial_CT275MX300SSD4 256.2G SSD/sata [Encrypted] /, /boot | ST2000DM008-2FR102 1.8T HDD/sata [Encrypted] | ST4000NM0115-1YZ107 3.6T HDD/sata [Encrypted] /run/media/shane/shane4tb-ent | SPCC Solid State Disk 223.6G SSD/sata [Encrypted]",sqlite,0.1,2764.0,0.1,0.11,29.33,40.94,39.68,1.27,,,,,,457773056,457773056,file_bytes,,,,,
2026-09-14T06:05:19+00:00,83d2c72,"ASUSTeK COMPUTER INC. PRIME Z370-A | Intel(R) Core(TM) i5-8600K CPU @ 3.60GHz | Corsair 32GB (2133 MT/s) DDR4 1.2 V DIMM | Crucial_CT275MX300SSD4 256.2G SSD/sata [Encrypted] /, /boot | ST2000DM008-2FR102 1.8T HDD/sata [Encrypted] | ST4000NM0115-1YZ107 3.6T HDD/sata [Encrypted] /run/media/shane/shane4tb-ent | SPCC Solid State Disk 223.6G SSD/sata [Encrypted]",mtxdb,0.1,200.9,2.15,2.19,0.28,7.14,4.8,2.34,1.35,0.04,,,,105449651,2099712,index_bytes,,,,,
2026-09-14T06:05:19+00:00,83d2c72,"ASUSTeK COMPUTER INC. PRIME Z370-A | Intel(R) Core(TM) i5-8600K CPU @ 3.60GHz | Corsair 32GB (2133 MT/s) DDR4 1.2 V DIMM | Crucial_CT275MX300SSD4 256.2G SSD/sata [Encrypted] /, /boot | ST2000DM008-2FR102 1.8T HDD/sata [Encrypted] | ST4000NM0115-1YZ107 3.6T HDD/sata [Encrypted] /run/media/shane/shane4tb-ent | SPCC Solid State Disk 223.6G SSD/sata [Encrypted]",mdbx,0.1,237.4,0.68,0.68,0.51,6.47,5.08,1.39,,,,,,201326592,201326592,file_bytes,,,,,
2026-09-14T06:05:19+00:00,83d2c72,"ASUSTeK COMPUTER INC. PRIME Z370-A | Intel(R) Core(TM) i5-8600K CPU @ 3.60GHz | Corsair 32GB (2133 MT/s) DDR4 1.2 V DIMM | Crucial_CT275MX300SSD4 256.2G SSD/sata [Encrypted] /, /boot | ST2000DM008-2FR102 1.8T HDD/sata [Encrypted] | ST4000NM0115-1YZ107 3.6T HDD/sata [Encrypted] /run/media/shane/shane4tb-ent | SPCC Solid State Disk 223.6G SSD/sata [Encrypted]",sqlite,0.1,2570.7,0.1,0.17,29.22,42.82,41.35,1.47,,,,,,457773056,457773056,file_bytes,,,,,
2026-09-14T12:20:04+00:00,83d2c72,"ASUSTeK COMPUTER INC. PRIME Z370-A | Intel(R) Core(TM) i5-8600K CPU @ 3.60GHz | Corsair 32GB (2133 MT/s) DDR4 1.2 V DIMM | Crucial_CT275MX300SSD4 256.2G SSD/sata [Encrypted] /, /boot | ST2000DM008-2FR102 1.8T HDD/sata [Encrypted] | ST4000NM0115-1YZ107 3.6T HDD/sata [Encrypted] /run/media/shane/shane4tb-ent | SPCC Solid State Disk 223.6G SSD/sata [Encrypted]",mtxdb,0.1,190.5,2.31,2.3,0.28,7.21,4.74,2.47,1.32,0.05,,,,105449651,2099712,index_bytes,,,,,
2026-09-14T12:20:04+00:00,83d2c72,"ASUSTeK COMPUTER INC. PRIME Z370-A | Intel(R) Core(TM) i5-8600K CPU @ 3.60GHz | Corsair 32GB (2133 MT/s) DDR4 1.2 V DIMM | Crucial_CT275MX300SSD4 256.2G SSD/sata [Encrypted] /, /boot | ST2000DM008-2FR102 1.8T HDD/sata [Encrypted] | ST4000NM0115-1YZ107 3.6T HDD/sata [Encrypted] /run/media/shane/shane4tb-ent | SPCC Solid State Disk 223.6G SSD/sata [Encrypted]",mdbx,0.1,239.9,0.69,0.63,0.54,5.62,4.42,1.2,,,,,,201326592,201326592,file_bytes,,,,,
2026-09-14T12:20:04+00:00,83d2c72,"ASUSTeK COMPUTER INC. PRIME Z370-A | Intel(R) Core(TM) i5-8600K CPU @ 3.60GHz | Corsair 32GB (2133 MT/s) DDR4 1.2 V DIMM | Crucial_CT275MX300SSD4 256.2G SSD/sata [Encrypted] /, /boot | ST2000DM008-2FR102 1.8T HDD/sata [Encrypted] | ST4000NM0115-1YZ107 3.6T HDD/sata [Encrypted] /run/media/shane/shane4tb-ent | SPCC Solid State Disk 223.6G SSD/sata [Encrypted]",sqlite,0.1,2633.6,0.1,0.11,29.55,42.46,41.07,1.39,,,,,,457773056,457773056,file_bytes,,,,,
2026-09-14T12:21:24+00:00,fdf056f,"ASUSTeK COMPUTER INC. PRIME Z370-A | Intel(R) Core(TM) i5-8600K CPU @ 3.60GHz | Corsair 32GB (2133 MT/s) DDR4 1.2 V DIMM | Crucial_CT275MX300SSD4 256.2G SSD/sata [Encrypted] /, /boot | ST2000DM008-2FR102 1.8T HDD/sata [Encrypted] | ST4000NM0115-1YZ107 3.6T HDD/sata [Encrypted] /run/media/shane/shane4tb-ent | SPCC Solid State Disk 223.6G SSD/sata [Encrypted]",mtxdb,0.1,209.5,2.24,2.43,0.32,8.53,5.61,2.92,1.47,0.05,,,,105449650,2099712,index_bytes,,,,,
2026-09-14T12:21:24+00:00,fdf056f,"ASUSTeK COMPUTER INC. PRIME Z370-A | Intel(R) Core(TM) i5-8600K CPU @ 3.60GHz | Corsair 32GB (2133 MT/s) DDR4 1.2 V DIMM | Crucial_CT275MX300SSD4 256.2G SSD/sata [Encrypted] /, /boot | ST2000DM008-2FR102 1.8T HDD/sata [Encrypted] | ST4000NM0115-1YZ107 3.6T HDD/sata [Encrypted] /run/media/shane/shane4tb-ent | SPCC Solid State Disk 223.6G SSD/sata [Encrypted]",mdbx,0.1,312.0,1.19,0.65,0.82,7.2,5.28,1.91,,,,,,201326592,201326592,file_bytes,,,,,
2026-09-14T12:21:24+00:00,fdf056f,"ASUSTeK COMPUTER INC. PRIME Z370-A | Intel(R) Core(TM) i5-8600K CPU @ 3.60GHz | Corsair 32GB (2133 MT/s) DDR4 1.2 V DIMM | Crucial_CT275MX300SSD4 256.2G SSD/sata [Encrypted] /, /boot | ST2000DM008-2FR102 1.8T HDD/sata [Encrypted] | ST4000NM0115-1YZ107 3.6T HDD/sata [Encrypted] /run/media/shane/shane4tb-ent | SPCC Solid State Disk 223.6G SSD/sata [Encrypted]",sqlite,0.1,3364.5,0.12,0.12,31.24,42.98,41.56,1.42,,,,,,457773056,457773056,file_bytes,,,,,
2026-09-14T12:21:35+00:00,fdf056f,"ASUSTeK COMPUTER INC. PRIME Z370-A | Intel(R) Core(TM) i5-8600K CPU @ 3.60GHz | Corsair 32GB (2133 MT/s) DDR4 1.2 V DIMM | Crucial_CT275MX300SSD4 256.2G SSD/sata [Encrypted] /, /boot | ST2000DM008-2FR102 1.8T HDD/sata [Encrypted] | ST4000NM0115-1YZ107 3.6T HDD/sata [Encrypted] /run/media/shane/shane4tb-ent | SPCC Solid State Disk 223.6G SSD/sata [Encrypted]",mtxdb,0.1,199.7,2.26,2.27,0.32,7.13,4.63,2.5,1.43,0.05,,,,105449650,2099712,index_bytes,,,,,
2026-09-14T12:21:35+00:00,fdf056f,"ASUSTeK COMPUTER INC. PRIME Z370-A | Intel(R) Core(TM) i5-8600K CPU @ 3.60GHz | Corsair 32GB (2133 MT/s) DDR4 1.2 V DIMM | Crucial_CT275MX300SSD4 256.2G SSD/sata [Encrypted] /, /boot | ST2000DM008-2FR102 1.8T HDD/sata [Encrypted] | ST4000NM0115-1YZ107 3.6T HDD/sata [Encrypted] /run/media/shane/shane4tb-ent | SPCC Solid State Disk 223.6G SSD/sata [Encrypted]",mdbx,0.1,248.7,0.73,0.62,0.53,5.86,4.62,1.24,,,,,,201326592,201326592,file_bytes,,,,,
2026-09-14T12:21:35+00:00,fdf056f,"ASUSTeK COMPUTER INC. PRIME Z370-A | Intel(R) Core(TM) i5-8600K CPU @ 3.60GHz | Corsair 32GB (2133 MT/s) DDR4 1.2 V DIMM | Crucial_CT275MX300SSD4 256.2G SSD/sata [Encrypted] /, /boot | ST2000DM008-2FR102 1.8T HDD/sata [Encrypted] | ST4000NM0115-1YZ107 3.6T HDD/sata [Encrypted] /run/media/shane/shane4tb-ent | SPCC Solid State Disk 223.6G SSD/sata [Encrypted]",sqlite,0.1,3047.7,0.12,0.14,36.79,59.22,57.62,1.6,,,,,,457773056,457773056,file_bytes,,,,,
2026-09-14T12:31:13+00:00,ae9e80e,"ASUSTeK COMPUTER INC. PRIME Z370-A | Intel(R) Core(TM) i5-8600K CPU @ 3.60GHz | Corsair 32GB (2133 MT/s) DDR4 1.2 V DIMM | Crucial_CT275MX300SSD4 256.2G SSD/sata [Encrypted] /, /boot | ST2000DM008-2FR102 1.8T HDD/sata [Encrypted] | ST4000NM0115-1YZ107 3.6T HDD/sata [Encrypted] /run/media/shane/shane4tb-ent | SPCC Solid State Disk 223.6G SSD/sata [Encrypted]",mtxdb,0.1,190.8,2.25,2.24,0.28,7.07,4.8,2.27,1.33,0.05,1.06,0.75,0.3,105449651,2099712,index_bytes,,,,,
2026-09-14T12:31:13+00:00,ae9e80e,"ASUSTeK COMPUTER INC. PRIME Z370-A | Intel(R) Core(TM) i5-8600K CPU @ 3.60GHz | Corsair 32GB (2133 MT/s) DDR4 1.2 V DIMM | Crucial_CT275MX300SSD4 256.2G SSD/sata [Encrypted] /, /boot | ST2000DM008-2FR102 1.8T HDD/sata [Encrypted] | ST4000NM0115-1YZ107 3.6T HDD/sata [Encrypted] /run/media/shane/shane4tb-ent | SPCC Solid State Disk 223.6G SSD/sata [Encrypted]",mdbx,0.1,234.1,0.65,0.66,0.55,5.94,4.67,1.27,,,1.7,0.98,0.72,201326592,201326592,file_bytes,,,,,
2026-09-14T12:31:13+00:00,ae9e80e,"ASUSTeK COMPUTER INC. PRIME Z370-A | Intel(R) Core(TM) i5-8600K CPU @ 3.60GHz | Corsair 32GB (2133 MT/s) DDR4 1.2 V DIMM | Crucial_CT275MX300SSD4 256.2G SSD/sata [Encrypted] /, /boot | ST2000DM008-2FR102 1.8T HDD/sata [Encrypted] | ST4000NM0115-1YZ107 3.6T HDD/sata [Encrypted] /run/media/shane/shane4tb-ent | SPCC Solid State Disk 223.6G SSD/sata [Encrypted]",sqlite,0.1,2610.0,0.1,0.11,29.12,41.22,39.97,1.25,,,10.67,9.78,0.88,457773056,457773056,file_bytes,,,,,
2026-09-14T12:31:24+00:00,ae9e80e,"ASUSTeK COMPUTER INC. PRIME Z370-A | Intel(R) Core(TM) i5-8600K CPU @ 3.60GHz | Corsair 32GB (2133 MT/s) DDR4 1.2 V DIMM | Crucial_CT275MX300SSD4 256.2G SSD/sata [Encrypted] /, /boot | ST2000DM008-2FR102 1.8T HDD/sata [Encrypted] | ST4000NM0115-1YZ107 3.6T HDD/sata [Encrypted] /run/media/shane/shane4tb-ent | SPCC Solid State Disk 223.6G SSD/sata [Encrypted]",mtxdb,0.1,196.1,2.17,2.16,0.28,6.84,4.64,2.2,1.36,0.05,1.04,0.75,0.3,105449654,2099712,index_bytes,,,,,
2026-09-14T12:31:24+00:00,ae9e80e,"ASUSTeK COMPUTER INC. PRIME Z370-A | Intel(R) Core(TM) i5-8600K CPU @ 3.60GHz | Corsair 32GB (2133 MT/s) DDR4 1.2 V DIMM | Crucial_CT275MX300SSD4 256.2G SSD/sata [Encrypted] /, /boot | ST2000DM008-2FR102 1.8T HDD/sata [Encrypted] | ST4000NM0115-1YZ107 3.6T HDD/sata [Encrypted] /run/media/shane/shane4tb-ent | SPCC Solid State Disk 223.6G SSD/sata [Encrypted]",mdbx,0.1,234.3,0.56,0.53,0.53,5.71,4.54,1.17,,,1.62,0.96,0.66,201326592,201326592,file_bytes,,,,,
2026-09-14T12:31:24+00:00,ae9e80e,"ASUSTeK COMPUTER INC. PRIME Z370-A | Intel(R) Core(TM) i5-8600K CPU @ 3.60GHz | Corsair 32GB (2133 MT/s) DDR4 1.2 V DIMM | Crucial_CT275MX300SSD4 256.2G SSD/sata [Encrypted] /, /boot | ST2000DM008-2FR102 1.8T HDD/sata [Encrypted] | ST4000NM0115-1YZ107 3.6T HDD/sata [Encrypted] /run/media/shane/shane4tb-ent | SPCC Solid State Disk 223.6G SSD/sata [Encrypted]",sqlite,0.1,2577.9,0.1,0.11,28.12,39.81,38.56,1.25,,,10.24,9.41,0.83,457773056,457773056,file_bytes,,,,,
2026-09-14T12:32:17+00:00,ae9e80e,"ASUSTeK COMPUTER INC. PRIME Z370-A | Intel(R) Core(TM) i5-8600K CPU @ 3.60GHz | Corsair 32GB (2133 MT/s) DDR4 1.2 V DIMM | Crucial_CT275MX300SSD4 256.2G SSD/sata [Encrypted] /, /boot | ST2000DM008-2FR102 1.8T HDD/sata [Encrypted] | ST4000NM0115-1YZ107 3.6T HDD/sata [Encrypted] /run/media/shane/shane4tb-ent | SPCC Solid State Disk 223.6G SSD/sata [Encrypted]",mtxdb,0.1,192.0,2.18,2.14,0.29,7.02,4.6,2.42,1.33,0.05,1.18,0.87,0.31,105449654,2099712,index_bytes,,,,,
2026-09-14T12:32:17+00:00,ae9e80e,"ASUSTeK COMPUTER INC. PRIME Z370-A | Intel(R) Core(TM) i5-8600K CPU @ 3.60GHz | Corsair 32GB (2133 MT/s) DDR4 1.2 V DIMM | Crucial_CT275MX300SSD4 256.2G SSD/sata [Encrypted] /, /boot | ST2000DM008-2FR102 1.8T HDD/sata [Encrypted] | ST4000NM0115-1YZ107 3.6T HDD/sata [Encrypted] /run/media/shane/shane4tb-ent | SPCC Solid State Disk 223.6G SSD/sata [Encrypted]",mdbx,0.1,235.9,0.49,0.48,0.5,5.43,4.36,1.08,,,1.71,1.01,0.7,201326592,201326592,file_bytes,,,,,
2026-09-14T12:32:17+00:00,ae9e80e,"ASUSTeK COMPUTER INC. PRIME Z370-A | Intel(R) Core(TM) i5-8600K CPU @ 3.60GHz | Corsair 32GB (2133 MT/s) DDR4 1.2 V DIMM | Crucial_CT275MX300SSD4 256.2G SSD/sata [Encrypted] /, /boot | ST2000DM008-2FR102 1.8T HDD/sata [Encrypted] | ST4000NM0115-1YZ107 3.6T HDD/sata [Encrypted] /run/media/shane/shane4tb-ent | SPCC Solid State Disk 223.6G SSD/sata [Encrypted]",sqlite,0.1,2494.4,0.09,0.12,27.36,40.78,39.34,1.44,,,10.38,9.54,0.84,457773056,457773056,file_bytes,,,,,
2026-09-14T12:34:47+00:00,de66c9d,"ASUSTeK COMPUTER INC. PRIME Z370-A | Intel(R) Core(TM) i5-8600K CPU @ 3.60GHz | Corsair 32GB (2133 MT/s) DDR4 1.2 V DIMM | Crucial_CT275MX300SSD4 256.2G SSD/sata [Encrypted] /, /boot | ST2000DM008-2FR102 1.8T HDD/sata [Encrypted] | ST4000NM0115-1YZ107 3.6T HDD/sata [Encrypted] /run/media/shane/shane4tb-ent | SPCC Solid State Disk 223.6G SSD/sata [Encrypted]",mtxdb,0.1,192.0,2.18,2.14,0.29,7.02,4.6,2.42,1.33,0.05,1.18,0.87,0.31,105449654,2099712,index_bytes,,,,,
2026-09-14T12:34:47+00:00,de66c9d,"ASUSTeK COMPUTER INC. PRIME Z370-A | Intel(R) Core(TM) i5-8600K CPU @ 3.60GHz | Corsair 32GB (2133 MT/s) DDR4 1.2 V DIMM | Crucial_CT275MX300SSD4 256.2G SSD/sata [Encrypted] /, /boot | ST2000DM008-2FR102 1.8T HDD/sata [Encrypted] | ST4000NM0115-1YZ107 3.6T HDD/sata [Encrypted] /run/media/shane/shane4tb-ent | SPCC Solid State Disk 223.6G SSD/sata [Encrypted]",mdbx,0.1,235.9,0.49,0.48,0.5,5.43,4.36,1.08,,,1.71,1.01,0.7,201326592,201326592,file_bytes,,,,,
2026-09-14T12:34:47+00:00,de66c9d,"ASUSTeK COMPUTER INC. PRIME Z370-A | Intel(R) Core(TM) i5-8600K CPU @ 3.60GHz | Corsair 32GB (2133 MT/s) DDR4 1.2 V DIMM | Crucial_CT275MX300SSD4 256.2G SSD/sata [Encrypted] /, /boot | ST2000DM008-2FR102 1.8T HDD/sata [Encrypted] | ST4000NM0115-1YZ107 3.6T HDD/sata [Encrypted] /run/media/shane/shane4tb-ent | SPCC Solid State Disk 223.6G SSD/sata [Encrypted]",sqlite,0.1,2494.4,0.09,0.12,27.36,40.78,39.34,1.44,,,10.38,9.54,0.84,457773056,457773056,file_bytes,,,,,
2026-09-14T12:35:08+00:00,4da625b,"ASUSTeK COMPUTER INC. PRIME Z370-A | Intel(R) Core(TM) i5-8600K CPU @ 3.60GHz | Corsair 32GB (2133 MT/s) DDR4 1.2 V DIMM | Crucial_CT275MX300SSD4 256.2G SSD/sata [Encrypted] /, /boot | ST2000DM008-2FR102 1.8T HDD/sata [Encrypted] | ST4000NM0115-1YZ107 3.6T HDD/sata [Encrypted] /run/media/shane/shane4tb-ent | SPCC Solid State Disk 223.6G SSD/sata [Encrypted]",mtxdb,0.1,195.5,2.32,2.36,0.28,7.32,4.94,2.37,1.39,0.04,1.09,0.77,0.32,105449654,2099712,index_bytes,,,,,
2026-09-14T12:35:08+00:00,4da625b,"ASUSTeK COMPUTER INC. PRIME Z370-A | Intel(R) Core(TM) i5-8600K CPU @ 3.60GHz | Corsair 32GB (2133 MT/s) DDR4 1.2 V DIMM | Crucial_CT275MX300SSD4 256.2G SSD/sata [Encrypted] /, /boot | ST2000DM008-2FR102 1.8T HDD/sata [Encrypted] | ST4000NM0115-1YZ107 3.6T HDD/sata [Encrypted] /run/media/shane/shane4tb-ent | SPCC Solid State Disk 223.6G SSD/sata [Encrypted]",mdbx,0.1,233.5,0.5,0.49,0.51,5.66,4.53,1.13,,,1.6,0.92,0.68,201326592,201326592,file_bytes,,,,,
2026-09-14T12:35:08+00:00,4da625b,"ASUSTeK COMPUTER INC. PRIME Z370-A | Intel(R) Core(TM) i5-8600K CPU @ 3.60GHz | Corsair 32GB (2133 MT/s) DDR4 1.2 V DIMM | Crucial_CT275MX300SSD4 256.2G SSD/sata [Encrypted] /, /boot | ST2000DM008-2FR102 1.8T HDD/sata [Encrypted] | ST4000NM0115-1YZ107 3.6T HDD/sata [Encrypted] /run/media/shane/shane4tb-ent | SPCC Solid State Disk 223.6G SSD/sata [Encrypted]",sqlite,0.1,2512.4,0.1,0.11,27.59,39.75,38.47,1.29,,,9.95,9.16,0.79,457773056,457773056,file_bytes,,,,,
2026-09-14T12:35:38+00:00,4da625b,"ASUSTeK COMPUTER INC. PRIME Z370-A | Intel(R) Core(TM) i5-8600K CPU @ 3.60GHz | Corsair 32GB (2133 MT/s) DDR4 1.2 V DIMM | Crucial_CT275MX300SSD4 256.2G SSD/sata [Encrypted] /, /boot | ST2000DM008-2FR102 1.8T HDD/sata [Encrypted] | ST4000NM0115-1YZ107 3.6T HDD/sata [Encrypted] /run/media/shane/shane4tb-ent | SPCC Solid State Disk 223.6G SSD/sata [Encrypted]",mtxdb,0.1,194.3,0.08,0.11,0.27,6.58,4.14,2.43,1.65,0.05,1.05,0.74,0.31,105449651,2099712,index_bytes,,,,,
2026-09-14T12:35:38+00:00,4da625b,"ASUSTeK COMPUTER INC. PRIME Z370-A | Intel(R) Core(TM) i5-8600K CPU @ 3.60GHz | Corsair 32GB (2133 MT/s) DDR4 1.2 V DIMM | Crucial_CT275MX300SSD4 256.2G SSD/sata [Encrypted] /, /boot | ST2000DM008-2FR102 1.8T HDD/sata [Encrypted] | ST4000NM0115-1YZ107 3.6T HDD/sata [Encrypted] /run/media/shane/shane4tb-ent | SPCC Solid State Disk 223.6G SSD/sata [Encrypted]",mdbx,0.1,258.2,0.72,0.61,0.52,6.13,4.94,1.19,,,1.69,0.99,0.7,201326592,201326592,file_bytes,,,,,
2026-09-14T12:35:38+00:00,4da625b,"ASUSTeK COMPUTER INC. PRIME Z370-A | Intel(R) Core(TM) i5-8600K CPU @ 3.60GHz | Corsair 32GB (2133 MT/s) DDR4 1.2 V DIMM | Crucial_CT275MX300SSD4 256.2G SSD/sata [Encrypted] /, /boot | ST2000DM008-2FR102 1.8T HDD/sata [Encrypted] | ST4000NM0115-1YZ107 3.6T HDD/sata [Encrypted] /run/media/shane/shane4tb-ent | SPCC Solid State Disk 223.6G SSD/sata [Encrypted]",sqlite,0.1,2625.3,0.1,0.11,28.35,40.96,39.64,1.32,,,10.21,9.36,0.85,457773056,457773056,file_bytes,,,,,
2026-09-14T12:35:53+00:00,4da625b,"ASUSTeK COMPUTER INC. PRIME Z370-A | Intel(R) Core(TM) i5-8600K CPU @ 3.60GHz | Corsair 32GB (2133 MT/s) DDR4 1.2 V DIMM | Crucial_CT275MX300SSD4 256.2G SSD/sata [Encrypted] /, /boot | ST2000DM008-2FR102 1.8T HDD/sata [Encrypted] | ST4000NM0115-1YZ107 3.6T HDD/sata [Encrypted] /run/media/shane/shane4tb-ent | SPCC Solid State Disk 223.6G SSD/sata [Encrypted]",mtxdb,0.1,195.2,0.08,0.1,0.28,6.62,4.17,2.45,1.57,0.05,1.1,0.78,0.31,105449650,2099712,index_bytes,,,,,
2026-09-14T12:35:53+00:00,4da625b,"ASUSTeK COMPUTER INC. PRIME Z370-A | Intel(R) Core(TM) i5-8600K CPU @ 3.60GHz | Corsair 32GB (2133 MT/s) DDR4 1.2 V DIMM | Crucial_CT275MX300SSD4 256.2G SSD/sata [Encrypted] /, /boot | ST2000DM008-2FR102 1.8T HDD/sata [Encrypted] | ST4000NM0115-1YZ107 3.6T HDD/sata [Encrypted] /run/media/shane/shane4tb-ent | SPCC Solid State Disk 223.6G SSD/sata [Encrypted]",mdbx,0.1,250.1,0.67,0.67,0.53,6.08,4.85,1.23,,,1.67,0.99,0.69,201326592,201326592,file_bytes,,,,,
2026-09-14T12:35:53+00:00,4da625b,"ASUSTeK COMPUTER INC. PRIME Z370-A | Intel(R) Core(TM) i5-8600K CPU @ 3.60GHz | Corsair 32GB (2133 MT/s) DDR4 1.2 V DIMM | Crucial_CT275MX300SSD4 256.2G SSD/sata [Encrypted] /, /boot | ST2000DM008-2FR102 1.8T HDD/sata [Encrypted] | ST4000NM0115-1YZ107 3.6T HDD/sata [Encrypted] /run/media/shane/shane4tb-ent | SPCC Solid State Disk 223.6G SSD/sata [Encrypted]",sqlite,0.1,2739.1,0.12,0.1,32.12,40.83,39.5,1.33,,,10.29,9.48,0.81,457773056,457773056,file_bytes,,,,,
2026-09-14T12:36:10+00:00,4da625b,"ASUSTeK COMPUTER INC. PRIME Z370-A | Intel(R) Core(TM) i5-8600K CPU @ 3.60GHz | Corsair 32GB (2133 MT/s) DDR4 1.2 V DIMM | Crucial_CT275MX300SSD4 256.2G SSD/sata [Encrypted] /, /boot | ST2000DM008-2FR102 1.8T HDD/sata [Encrypted] | ST4000NM0115-1YZ107 3.6T HDD/sata [Encrypted] /run/media/shane/shane4tb-ent | SPCC Solid State Disk 223.6G SSD/sata [Encrypted]",mtxdb,0.1,195.0,0.08,0.11,0.3,6.78,4.24,2.54,1.62,0.05,1.15,0.83,0.32,105449654,2099712,index_bytes,,,,,
2026-09-14T12:36:10+00:00,4da625b,"ASUSTeK COMPUTER INC. PRIME Z370-A | Intel(R) Core(TM) i5-8600K CPU @ 3.60GHz | Corsair 32GB (2133 MT/s) DDR4 1.2 V DIMM | Crucial_CT275MX300SSD4 256.2G SSD/sata [Encrypted] /, /boot | ST2000DM008-2FR102 1.8T HDD/sata [Encrypted] | ST4000NM0115-1YZ107 3.6T HDD/sata [Encrypted] /run/media/shane/shane4tb-ent | SPCC Solid State Disk 223.6G SSD/sata [Encrypted]",mdbx,0.1,256.4,0.51,0.49,0.53,6.05,4.78,1.27,,,1.73,1.04,0.69,201326592,201326592,file_bytes,,,,,
2026-09-14T12:36:10+00:00,4da625b,"ASUSTeK COMPUTER INC. PRIME Z370-A | Intel(R) Core(TM) i5-8600K CPU @ 3.60GHz | Corsair 32GB (2133 MT/s) DDR4 1.2 V DIMM | Crucial_CT275MX300SSD4 256.2G SSD/sata [Encrypted] /, /boot | ST2000DM008-2FR102 1.8T HDD/sata [Encrypted] | ST4000NM0115-1YZ107 3.6T HDD/sata [Encrypted] /run/media/shane/shane4tb-ent | SPCC Solid State Disk 223.6G SSD/sata [Encrypted]",sqlite,0.1,2527.0,0.11,0.1,27.76,39.32,37.97,1.35,,,9.9,9.16,0.75,457773056,457773056,file_bytes,,,,,
2026-09-14T12:39:02+00:00,38ced9f,"ASUSTeK COMPUTER INC. PRIME Z370-A | Intel(R) Core(TM) i5-8600K CPU @ 3.60GHz | Corsair 32GB (2133 MT/s) DDR4 1.2 V DIMM | Crucial_CT275MX300SSD4 256.2G SSD/sata [Encrypted] /, /boot | ST2000DM008-2FR102 1.8T HDD/sata [Encrypted] | ST4000NM0115-1YZ107 3.6T HDD/sata [Encrypted] /run/media/shane/shane4tb-ent | SPCC Solid State Disk 223.6G SSD/sata [Encrypted]",mtxdb,0.1,195.7,0.08,0.1,0.29,6.75,4.26,2.49,1.58,0.05,1.03,0.73,0.3,105449654,2099712,index_bytes,,,,,
2026-09-14T12:39:02+00:00,38ced9f,"ASUSTeK COMPUTER INC. PRIME Z370-A | Intel(R) Core(TM) i5-8600K CPU @ 3.60GHz | Corsair 32GB (2133 MT/s) DDR4 1.2 V DIMM | Crucial_CT275MX300SSD4 256.2G SSD/sata [Encrypted] /, /boot | ST2000DM008-2FR102 1.8T HDD/sata [Encrypted] | ST4000NM0115-1YZ107 3.6T HDD/sata [Encrypted] /run/media/shane/shane4tb-ent | SPCC Solid State Disk 223.6G SSD/sata [Encrypted]",mdbx,0.1,254.2,0.51,0.5,0.53,6.54,5.35,1.18,,,1.79,1.06,0.73,201326592,201326592,file_bytes,,,,,
2026-09-14T12:39:02+00:00,38ced9f,"ASUSTeK COMPUTER INC. PRIME Z370-A | Intel(R) Core(TM) i5-8600K CPU @ 3.60GHz | Corsair 32GB (2133 MT/s) DDR4 1.2 V DIMM | Crucial_CT275MX300SSD4 256.2G SSD/sata [Encrypted] /, /boot | ST2000DM008-2FR102 1.8T HDD/sata [Encrypted] | ST4000NM0115-1YZ107 3.6T HDD/sata [Encrypted] /run/media/shane/shane4tb-ent | SPCC Solid State Disk 223.6G SSD/sata [Encrypted]",sqlite,0.1,2673.6,0.1,0.1,27.75,39.85,38.57,1.28,,,12.05,11.13,0.93,457773056,457773056,file_bytes,,,,,
2026-09-14T12:39:49+00:00,38ced9f,"ASUSTeK COMPUTER INC. PRIME Z370-A | Intel(R) Core(TM) i5-8600K CPU @ 3.60GHz | Corsair 32GB (2133 MT/s) DDR4 1.2 V DIMM | Crucial_CT275MX300SSD4 256.2G SSD/sata [Encrypted] /, /boot | ST2000DM008-2FR102 1.8T HDD/sata [Encrypted] | ST4000NM0115-1YZ107 3.6T HDD/sata [Encrypted] /run/media/shane/shane4tb-ent | SPCC Solid State Disk 223.6G SSD/sata [Encrypted]",mtxdb,0.1,201.0,0.08,0.11,0.28,6.98,4.48,2.49,1.57,0.05,1.05,0.75,0.3,105449654,2099712,index_bytes,,,,,
2026-09-14T12:39:49+00:00,38ced9f,"ASUSTeK COMPUTER INC. PRIME Z370-A | Intel(R) Core(TM) i5-8600K CPU @ 3.60GHz | Corsair 32GB (2133 MT/s) DDR4 1.2 V DIMM | Crucial_CT275MX300SSD4 256.2G SSD/sata [Encrypted] /, /boot | ST2000DM008-2FR102 1.8T HDD/sata [Encrypted] | ST4000NM0115-1YZ107 3.6T HDD/sata [Encrypted] /run/media/shane/shane4tb-ent | SPCC Solid State Disk 223.6G SSD/sata [Encrypted]",mdbx,0.1,259.3,0.55,0.5,0.54,6.85,4.82,2.03,,,1.7,0.99,0.71,201326592,201326592,file_bytes,,,,,
2026-09-14T12:39:49+00:00,38ced9f,"ASUSTeK COMPUTER INC. PRIME Z370-A | Intel(R) Core(TM) i5-8600K CPU @ 3.60GHz | Corsair 32GB (2133 MT/s) DDR4 1.2 V DIMM | Crucial_CT275MX300SSD4 256.2G SSD/sata [Encrypted] /, /boot | ST2000DM008-2FR102 1.8T HDD/sata [Encrypted] | ST4000NM0115-1YZ107 3.6T HDD/sata [Encrypted] /run/media/shane/shane4tb-ent | SPCC Solid State Disk 223.6G SSD/sata [Encrypted]",sqlite,0.1,2606.0,0.1,0.11,27.69,38.9,37.49,1.41,,,10.01,9.24,0.78,457773056,457773056,file_bytes,,,,,
2026-09-14T12:58:25+00:00,6771fd5,"ASUSTeK COMPUTER INC. PRIME Z370-A | Intel(R) Core(TM) i5-8600K CPU @ 3.60GHz | Corsair 32GB (2133 MT/s) DDR4 1.2 V DIMM | Crucial_CT275MX300SSD4 256.2G SSD/sata [Encrypted] /, /boot | ST2000DM008-2FR102 1.8T HDD/sata [Encrypted] | ST4000NM0115-1YZ107 3.6T HDD/sata [Encrypted] /run/media/shane/shane4tb-ent | SPCC Solid State Disk 223.6G SSD/sata [Encrypted]",mtxdb,0.1,281.5,0.08,0.13,0.35,7.66,4.58,3.08,1.91,0.1,1.4,1.03,0.37,105449654,2099712,index_bytes,,,,,
2026-09-14T12:58:25+00:00,6771fd5,"ASUSTeK COMPUTER INC. PRIME Z370-A | Intel(R) Core(TM) i5-8600K CPU @ 3.60GHz | Corsair 32GB (2133 MT/s) DDR4 1.2 V DIMM | Crucial_CT275MX300SSD4 256.2G SSD/sata [Encrypted] /, /boot | ST2000DM008-2FR102 1.8T HDD/sata [Encrypted] | ST4000NM0115-1YZ107 3.6T HDD/sata [Encrypted] /run/media/shane/shane4tb-ent | SPCC Solid State Disk 223.6G SSD/sata [Encrypted]",mdbx,0.1,356.8,0.55,0.55,0.68,7.65,5.96,1.69,,,3.09,1.19,1.9,201326592,201326592,file_bytes,,,,,
2026-09-14T12:58:25+00:00,6771fd5,"ASUSTeK COMPUTER INC. PRIME Z370-A | Intel(R) Core(TM) i5-8600K CPU @ 3.60GHz | Corsair 32GB (2133 MT/s) DDR4 1.2 V DIMM | Crucial_CT275MX300SSD4 256.2G SSD/sata [Encrypted] /, /boot | ST2000DM008-2FR102 1.8T HDD/sata [Encrypted] | ST4000NM0115-1YZ107 3.6T HDD/sata [Encrypted] /run/media/shane/shane4tb-ent | SPCC Solid State Disk 223.6G SSD/sata [Encrypted]",sqlite,0.1,3334.6,0.11,0.14,32.32,47.13,45.6,1.53,,,12.6,11.48,1.12,457773056,457773056,file_bytes,,,,,
2026-09-14T14:04:29+00:00,ecc4404,"ASUSTeK COMPUTER INC. PRIME Z370-A | Intel(R) Core(TM) i5-8600K CPU @ 3.60GHz | Corsair 32GB (2133 MT/s) DDR4 1.2 V DIMM | Crucial_CT275MX300SSD4 256.2G SSD/sata [Encrypted] /, /boot | ST2000DM008-2FR102 1.8T HDD/sata [Encrypted] | ST4000NM0115-1YZ107 3.6T HDD/sata [Encrypted] /run/media/shane/shane4tb-ent | SPCC Solid State Disk 223.6G SSD/sata [Encrypted]",mtxdb,0.1,210.8,0.08,0.11,0.31,7.71,4.93,2.78,1.7,0.05,1.06,0.74,0.32,105449654,2099712,index_bytes,215707648,213051392,321093632,318437376,
2026-09-14T14:04:29+00:00,ecc4404,"ASUSTeK COMPUTER INC. PRIME Z370-A | Intel(R) Core(TM) i5-8600K CPU @ 3.60GHz | Corsair 32GB (2133 MT/s) DDR4 1.2 V DIMM | Crucial_CT275MX300SSD4 256.2G SSD/sata [Encrypted] /, /boot | ST2000DM008-2FR102 1.8T HDD/sata [Encrypted] | ST4000NM0115-1YZ107 3.6T HDD/sata [Encrypted] /run/media/shane/shane4tb-ent | SPCC Solid State Disk 223.6G SSD/sata [Encrypted]",mdbx,0.1,275.6,0.5,0.48,0.56,6.06,4.78,1.29,,,1.71,0.98,0.72,201326592,201326592,file_bytes,126791680,123877376,313430016,310515712,
2026-09-14T14:04:29+00:00,ecc4404,"ASUSTeK COMPUTER INC. PRIME Z370-A | Intel(R) Core(TM) i5-8600K CPU @ 3.60GHz | Corsair 32GB (2133 MT/s) DDR4 1.2 V DIMM | Crucial_CT275MX300SSD4 256.2G SSD/sata [Encrypted] /, /boot | ST2000DM008-2FR102 1.8T HDD/sata [Encrypted] | ST4000NM0115-1YZ107 3.6T HDD/sata [Encrypted] /run/media/shane/shane4tb-ent | SPCC Solid State Disk 223.6G SSD/sata [Encrypted]",sqlite,0.1,2716.6,0.1,0.12,28.89,45.46,44.0,1.47,,,10.25,9.41,0.83,457773056,457773056,file_bytes,127881216,123979776,127881216,123979776,
2026-09-14T14:20:09+00:00,3e17827,"ASUSTeK COMPUTER INC. PRIME Z370-A | Intel(R) Core(TM) i5-8600K CPU @ 3.60GHz | Corsair 32GB (2133 MT/s) DDR4 1.2 V DIMM | Crucial_CT275MX300SSD4 256.2G SSD/sata [Encrypted] /, /boot | ST2000DM008-2FR102 1.8T HDD/sata [Encrypted] | ST4000NM0115-1YZ107 3.6T HDD/sata [Encrypted] /run/media/shane/shane4tb-ent | SPCC Solid State Disk 223.6G SSD/sata [Encrypted]",mtxdb,0.1,198.6,0.08,0.11,0.29,6.86,4.25,2.61,1.58,0.05,0.94,0.64,0.3,105449654,2099712,index_bytes,215662592,213000192,321048576,318386176,
2026-09-14T14:20:09+00:00,3e17827,"ASUSTeK COMPUTER INC. PRIME Z370-A | Intel(R) Core(TM) i5-8600K CPU @ 3.60GHz | Corsair 32GB (2133 MT/s) DDR4 1.2 V DIMM | Crucial_CT275MX300SSD4 256.2G SSD/sata [Encrypted] /, /boot | ST2000DM008-2FR102 1.8T HDD/sata [Encrypted] | ST4000NM0115-1YZ107 3.6T HDD/sata [Encrypted] /run/media/shane/shane4tb-ent | SPCC Solid State Disk 223.6G SSD/sata [Encrypted]",mdbx,0.1,303.2,0.51,0.5,0.54,8.26,6.94,1.32,,,1.73,1.02,0.71,201326592,201326592,file_bytes,4501504,1630208,191139840,188268544,
2026-09-14T14:20:09+00:00,3e17827,"ASUSTeK COMPUTER INC. PRIME Z370-A | Intel(R) Core(TM) i5-8600K CPU @ 3.60GHz | Corsair 32GB (2133 MT/s) DDR4 1.2 V DIMM | Crucial_CT275MX300SSD4 256.2G SSD/sata [Encrypted] /, /boot | ST2000DM008-2FR102 1.8T HDD/sata [Encrypted] | ST4000NM0115-1YZ107 3.6T HDD/sata [Encrypted] /run/media/shane/shane4tb-ent | SPCC Solid State Disk 223.6G SSD/sata [Encrypted]",sqlite,0.1,2554.4,0.1,0.1,28.14,40.17,38.83,1.34,,,9.81,9.02,0.78,457773056,457773056,file_bytes,5292032,1656832,7184384,3550208,
2026-09-14T14:20:19+00:00,3e17827,"ASUSTeK COMPUTER INC. PRIME Z370-A | Intel(R) Core(TM) i5-8600K CPU @ 3.60GHz | Corsair 32GB (2133 MT/s) DDR4 1.2 V DIMM | Crucial_CT275MX300SSD4 256.2G SSD/sata [Encrypted] /, /boot | ST2000DM008-2FR102 1.8T HDD/sata [Encrypted] | ST4000NM0115-1YZ107 3.6T HDD/sata [Encrypted] /run/media/shane/shane4tb-ent | SPCC Solid State Disk 223.6G SSD/sata [Encrypted]",mtxdb,0.1,201.9,0.08,0.11,0.3,6.76,4.23,2.53,1.62,0.04,1.19,0.86,0.34,105449654,2099712,index_bytes,213712896,211053568,319094784,316435456,
2026-09-14T14:20:19+00:00,3e17827,"ASUSTeK COMPUTER INC. PRIME Z370-A | Intel(R) Core(TM) i5-8600K CPU @ 3.60GHz | Corsair 32GB (2133 MT/s) DDR4 1.2 V DIMM | Crucial_CT275MX300SSD4 256.2G SSD/sata [Encrypted] /, /boot | ST2000DM008-2FR102 1.8T HDD/sata [Encrypted] | ST4000NM0115-1YZ107 3.6T HDD/sata [Encrypted] /run/media/shane/shane4tb-ent | SPCC Solid State Disk 223.6G SSD/sata [Encrypted]",mdbx,0.1,319.7,0.5,0.52,0.56,8.34,7.06,1.28,,,1.72,1.02,0.7,201326592,201326592,file_bytes,4395008,1481728,191033344,188120064,
2026-09-14T14:20:19+00:00,3e17827,"ASUSTeK COMPUTER INC. PRIME Z370-A | Intel(R) Core(TM) i5-8600K CPU @ 3.60GHz | Corsair 32GB (2133 MT/s) DDR4 1.2 V DIMM | Crucial_CT275MX300SSD4 256.2G SSD/sata [Encrypted] /, /boot | ST2000DM008-2FR102 1.8T HDD/sata [Encrypted] | ST4000NM0115-1YZ107 3.6T HDD/sata [Encrypted] /run/media/shane/shane4tb-ent | SPCC Solid State Disk 223.6G SSD/sata [Encrypted]",sqlite,0.1,2612.6,0.11,0.11,28.26,40.36,39.03,1.33,,,10.07,9.27,0.8,457773056,457773056,file_bytes,5255168,1636352,7147520,3527680,
2026-09-14T14:51:28+00:00,98add1b,"ASUSTeK COMPUTER INC. PRIME Z370-A | Intel(R) Core(TM) i5-8600K CPU @ 3.60GHz | Corsair 32GB (2133 MT/s) DDR4 1.2 V DIMM | Crucial_CT275MX300SSD4 256.2G SSD/sata [Encrypted] /, /boot | ST2000DM008-2FR102 1.8T HDD/sata [Encrypted] | ST4000NM0115-1YZ107 3.6T HDD/sata [Encrypted] /run/media/shane/shane4tb-ent | SPCC Solid State Disk 223.6G SSD/sata [Encrypted]",mtxdb,0.1,99.2,0.08,0.105,0.25,6.65,4.86,1.79,0.99,0.04,1.12,0.81,0.31,105449654,3149312,index_bytes,9330688,6675456,114712576,112057344,
2026-09-14T14:51:28+00:00,98add1b,"ASUSTeK COMPUTER INC. PRIME Z370-A | Intel(R) Core(TM) i5-8600K CPU @ 3.60GHz | Corsair 32GB (2133 MT/s) DDR4 1.2 V DIMM | Crucial_CT275MX300SSD4 256.2G SSD/sata [Encrypted] /, /boot | ST2000DM008-2FR102 1.8T HDD/sata [Encrypted] | ST4000NM0115-1YZ107 3.6T HDD/sata [Encrypted] /run/media/shane/shane4tb-ent | SPCC Solid State Disk 223.6G SSD/sata [Encrypted]",mdbx,0.1,311.2,0.515,0.482,0.55,8.75,7.56,1.19,,,1.76,1.04,0.72,201326592,201326592,file_bytes,4468736,1567744,191107072,188206080,
2026-09-14T14:51:28+00:00,98add1b,"ASUSTeK COMPUTER INC. PRIME Z370-A | Intel(R) Core(TM) i5-8600K CPU @ 3.60GHz | Corsair 32GB (2133 MT/s) DDR4 1.2 V DIMM | Crucial_CT275MX300SSD4 256.2G SSD/sata [Encrypted] /, /boot | ST2000DM008-2FR102 1.8T HDD/sata [Encrypted] | ST4000NM0115-1YZ107 3.6T HDD/sata [Encrypted] /run/media/shane/shane4tb-ent | SPCC Solid State Disk 223.6G SSD/sata [Encrypted]",sqlite,0.1,2594.2,0.095,0.114,27.14,39.63,38.31,1.31,,,9.86,9.05,0.81,457773056,457773056,file_bytes,5332992,1690624,7225344,3582976,
2026-09-14T19:50:30+00:00,8756e2d,"ASUSTeK COMPUTER INC. PRIME Z370-A | Intel(R) Core(TM) i5-8600K CPU @ 3.60GHz | Corsair 32GB (2133 MT/s) DDR4 1.2 V DIMM | Crucial_CT275MX300SSD4 256.2G SSD/sata [Encrypted] /, /boot | ST2000DM008-2FR102 1.8T HDD/sata [Encrypted] | ST4000NM0115-1YZ107 3.6T HDD/sata [Encrypted] /run/media/shane/shane4tb-ent | SPCC Solid State Disk 223.6G SSD/sata [Encrypted]",mtxdb,0.1,118.2,0.429,0.474,0.27,7.73,4.89,2.85,1.14,0.04,1.13,0.98,0.15,105449654,3149312,index_bytes,10567680,7924736,114966528,112323584,
2026-09-14T19:50:30+00:00,8756e2d,"ASUSTeK COMPUTER INC. PRIME Z370-A | Intel(R) Core(TM) i5-8600K CPU @ 3.60GHz | Corsair 32GB (2133 MT/s) DDR4 1.2 V DIMM | Crucial_CT275MX300SSD4 256.2G SSD/sata [Encrypted] /, /boot | ST2000DM008-2FR102 1.8T HDD/sata [Encrypted] | ST4000NM0115-1YZ107 3.6T HDD/sata [Encrypted] /run/media/shane/shane4tb-ent | SPCC Solid State Disk 223.6G SSD/sata [Encrypted]",mdbx,0.1,354.8,0.531,0.519,0.62,9.82,8.19,1.63,,,1.89,1.14,0.75,201326592,201326592,file_bytes,4476928,1575936,191115264,188214272,
2026-09-14T19:50:30+00:00,8756e2d,"ASUSTeK COMPUTER INC. PRIME Z370-A | Intel(R) Core(TM) i5-8600K CPU @ 3.60GHz | Corsair 32GB (2133 MT/s) DDR4 1.2 V DIMM | Crucial_CT275MX300SSD4 256.2G SSD/sata [Encrypted] /, /boot | ST2000DM008-2FR102 1.8T HDD/sata [Encrypted] | ST4000NM0115-1YZ107 3.6T HDD/sata [Encrypted] /run/media/shane/shane4tb-ent | SPCC Solid State Disk 223.6G SSD/sata [Encrypted]",sqlite,0.1,2704.9,0.11,0.106,29.38,41.41,40.02,1.38,,,10.62,9.71,0.91,457773056,457773056,file_bytes,5304320,1598464,7196672,3490816,
2026-09-14T23:36:58+00:00,898d281,"ASUSTeK COMPUTER INC. PRIME Z370-A | Intel(R) Core(TM) i5-8600K CPU @ 3.60GHz | Corsair 32GB (2133 MT/s) DDR4 1.2 V DIMM | Crucial_CT275MX300SSD4 256.2G SSD/sata [Encrypted] /, /boot | ST2000DM008-2FR102 1.8T HDD/sata [Encrypted] | ST4000NM0115-1YZ107 3.6T HDD/sata [Encrypted] /run/media/shane/shane4tb-ent | SPCC Solid State Disk 223.6G SSD/sata [Encrypted]",mtxdb,0.1,146.2,0.083,0.128,0.47,41.73,32.2,9.53,1.39,0.07,0.52,0.37,0.15,105449640,3149312,index_bytes,8626176,6079488,114008064,111460352,writeonly
2026-09-14T23:36:58+00:00,898d281,"ASUSTeK COMPUTER INC. PRIME Z370-A | Intel(R) Core(TM) i5-8600K CPU @ 3.60GHz | Corsair 32GB (2133 MT/s) DDR4 1.2 V DIMM | Crucial_CT275MX300SSD4 256.2G SSD/sata [Encrypted] /, /boot | ST2000DM008-2FR102 1.8T HDD/sata [Encrypted] | ST4000NM0115-1YZ107 3.6T HDD/sata [Encrypted] /run/media/shane/shane4tb-ent | SPCC Solid State Disk 223.6G SSD/sata [Encrypted]",mdbx,0.1,454.8,0.56,0.593,0.74,10.71,8.83,1.89,,,2.37,1.38,0.99,201326592,201326592,file_bytes,4296704,1637376,191139840,188285952,na
2026-09-14T23:36:58+00:00,898d281,"ASUSTeK COMPUTER INC. PRIME Z370-A | Intel(R) Core(TM) i5-8600K CPU @ 3.60GHz | Corsair 32GB (2133 MT/s) DDR4 1.2 V DIMM | Crucial_CT275MX300SSD4 256.2G SSD/sata [Encrypted] /, /boot | ST2000DM008-2FR102 1.8T HDD/sata [Encrypted] | ST4000NM0115-1YZ107 3.6T HDD/sata [Encrypted] /run/media/shane/shane4tb-ent | SPCC Solid State Disk 223.6G SSD/sata [Encrypted]",sqlite,0.1,3786.2,0.118,0.158,33.73,56.23,54.58,1.65,,,13.16,12.09,1.07,457773056,457773056,file_bytes,5292032,1971200,7184384,3862528,na
