timestamp,git_sha,machine,label,pack_bytes,write_events_per_sec,read_syscalls,disk_read_bytes,index_loss_pct,cold_gets_per_sec,warm_hit_pct,warm_gets_per_sec
2026-09-13T20:21:43+00:00,4b2852e,"ASUSTeK COMPUTER INC. PRIME Z370-A | Intel(R) Core(TM) i5-8600K CPU @ 3.60GHz | Corsair 32GB (2133 MT/s) DDR4 1.2 V DIMM | Crucial_CT275MX300SSD4 256.2G SSD/sata [Encrypted] /, /boot | ST2000DM008-2FR102 1.8T HDD/sata [Encrypted] | ST4000NM0115-1YZ107 3.6T HDD/sata [Encrypted] /run/media/shane/shane4tb-ent | SPCC Solid State Disk 223.6G SSD/sata [Encrypted]",small,111980,143927.0,4,0,0.0,772907.0,100.0,7182154.0
2026-09-13T20:21:43+00:00,4b2852e,"ASUSTeK COMPUTER INC. PRIME Z370-A | Intel(R) Core(TM) i5-8600K CPU @ 3.60GHz | Corsair 32GB (2133 MT/s) DDR4 1.2 V DIMM | Crucial_CT275MX300SSD4 256.2G SSD/sata [Encrypted] /, /boot | ST2000DM008-2FR102 1.8T HDD/sata [Encrypted] | ST4000NM0115-1YZ107 3.6T HDD/sata [Encrypted] /run/media/shane/shane4tb-ent | SPCC Solid State Disk 223.6G SSD/sata [Encrypted]",medium,1108462,120705.0,4,0,0.0,868691.0,0.0,955782.0
2026-09-13T20:21:43+00:00,4b2852e,"ASUSTeK COMPUTER INC. PRIME Z370-A | Intel(R) Core(TM) i5-8600K CPU @ 3.60GHz | Corsair 32GB (2133 MT/s) DDR4 1.2 V DIMM | Crucial_CT275MX300SSD4 256.2G SSD/sata [Encrypted] /, /boot | ST2000DM008-2FR102 1.8T HDD/sata [Encrypted] | ST4000NM0115-1YZ107 3.6T HDD/sata [Encrypted] /run/media/shane/shane4tb-ent | SPCC Solid State Disk 223.6G SSD/sata [Encrypted]",large,11112503,32657.0,4,0,0.0,925412.0,0.0,940521.0
2026-09-13T20:21:43+00:00,4b2852e,"ASUSTeK COMPUTER INC. PRIME Z370-A | Intel(R) Core(TM) i5-8600K CPU @ 3.60GHz | Corsair 32GB (2133 MT/s) DDR4 1.2 V DIMM | Crucial_CT275MX300SSD4 256.2G SSD/sata [Encrypted] /, /boot | ST2000DM008-2FR102 1.8T HDD/sata [Encrypted] | ST4000NM0115-1YZ107 3.6T HDD/sata [Encrypted] /run/media/shane/shane4tb-ent | SPCC Solid State Disk 223.6G SSD/sata [Encrypted]",pressure,11112503,32750.0,4,0,0.0,927731.0,0.0,944142.0
2026-09-13T20:22:36+00:00,21da8c2,"ASUSTeK COMPUTER INC. PRIME Z370-A | Intel(R) Core(TM) i5-8600K CPU @ 3.60GHz | Corsair 32GB (2133 MT/s) DDR4 1.2 V DIMM | Crucial_CT275MX300SSD4 256.2G SSD/sata [Encrypted] /, /boot | ST2000DM008-2FR102 1.8T HDD/sata [Encrypted] | ST4000NM0115-1YZ107 3.6T HDD/sata [Encrypted] /run/media/shane/shane4tb-ent | SPCC Solid State Disk 223.6G SSD/sata [Encrypted]",small,111980,135380.0,4,0,0.0,734477.0,100.0,6383169.0
2026-09-13T20:22:36+00:00,21da8c2,"ASUSTeK COMPUTER INC. PRIME Z370-A | Intel(R) Core(TM) i5-8600K CPU @ 3.60GHz | Corsair 32GB (2133 MT/s) DDR4 1.2 V DIMM | Crucial_CT275MX300SSD4 256.2G SSD/sata [Encrypted] /, /boot | ST2000DM008-2FR102 1.8T HDD/sata [Encrypted] | ST4000NM0115-1YZ107 3.6T HDD/sata [Encrypted] /run/media/shane/shane4tb-ent | SPCC Solid State Disk 223.6G SSD/sata [Encrypted]",medium,1108462,122642.0,4,0,0.0,937281.0,0.0,943396.0
2026-09-13T20:22:36+00:00,21da8c2,"ASUSTeK COMPUTER INC. PRIME Z370-A | Intel(R) Core(TM) i5-8600K CPU @ 3.60GHz | Corsair 32GB (2133 MT/s) DDR4 1.2 V DIMM | Crucial_CT275MX300SSD4 256.2G SSD/sata [Encrypted] /, /boot | ST2000DM008-2FR102 1.8T HDD/sata [Encrypted] | ST4000NM0115-1YZ107 3.6T HDD/sata [Encrypted] /run/media/shane/shane4tb-ent | SPCC Solid State Disk 223.6G SSD/sata [Encrypted]",large,11112503,34866.0,4,0,0.0,1008630.0,0.0,943743.0
2026-09-13T20:22:36+00:00,21da8c2,"ASUSTeK COMPUTER INC. PRIME Z370-A | Intel(R) Core(TM) i5-8600K CPU @ 3.60GHz | Corsair 32GB (2133 MT/s) DDR4 1.2 V DIMM | Crucial_CT275MX300SSD4 256.2G SSD/sata [Encrypted] /, /boot | ST2000DM008-2FR102 1.8T HDD/sata [Encrypted] | ST4000NM0115-1YZ107 3.6T HDD/sata [Encrypted] /run/media/shane/shane4tb-ent | SPCC Solid State Disk 223.6G SSD/sata [Encrypted]",pressure,11112503,34874.0,4,0,0.0,1007202.0,0.0,967525.0
2026-09-13T20:27:36+00:00,1cbae5e,"ASUSTeK COMPUTER INC. PRIME Z370-A | Intel(R) Core(TM) i5-8600K CPU @ 3.60GHz | Corsair 32GB (2133 MT/s) DDR4 1.2 V DIMM | Crucial_CT275MX300SSD4 256.2G SSD/sata [Encrypted] /, /boot | ST2000DM008-2FR102 1.8T HDD/sata [Encrypted] | ST4000NM0115-1YZ107 3.6T HDD/sata [Encrypted] /run/media/shane/shane4tb-ent | SPCC Solid State Disk 223.6G SSD/sata [Encrypted]",small,111980,174368.0,4,0,0.0,782851.0,100.0,7888239.0
2026-09-13T20:27:36+00:00,1cbae5e,"ASUSTeK COMPUTER INC. PRIME Z370-A | Intel(R) Core(TM) i5-8600K CPU @ 3.60GHz | Corsair 32GB (2133 MT/s) DDR4 1.2 V DIMM | Crucial_CT275MX300SSD4 256.2G SSD/sata [Encrypted] /, /boot | ST2000DM008-2FR102 1.8T HDD/sata [Encrypted] | ST4000NM0115-1YZ107 3.6T HDD/sata [Encrypted] /run/media/shane/shane4tb-ent | SPCC Solid State Disk 223.6G SSD/sata [Encrypted]",medium,1108462,129439.0,4,0,0.0,926775.0,0.0,939635.0
2026-09-13T20:27:36+00:00,1cbae5e,"ASUSTeK COMPUTER INC. PRIME Z370-A | Intel(R) Core(TM) i5-8600K CPU @ 3.60GHz | Corsair 32GB (2133 MT/s) DDR4 1.2 V DIMM | Crucial_CT275MX300SSD4 256.2G SSD/sata [Encrypted] /, /boot | ST2000DM008-2FR102 1.8T HDD/sata [Encrypted] | ST4000NM0115-1YZ107 3.6T HDD/sata [Encrypted] /run/media/shane/shane4tb-ent | SPCC Solid State Disk 223.6G SSD/sata [Encrypted]",large,11112503,35048.0,4,0,0.0,979804.0,0.0,998053.0
2026-09-13T20:27:36+00:00,1cbae5e,"ASUSTeK COMPUTER INC. PRIME Z370-A | Intel(R) Core(TM) i5-8600K CPU @ 3.60GHz | Corsair 32GB (2133 MT/s) DDR4 1.2 V DIMM | Crucial_CT275MX300SSD4 256.2G SSD/sata [Encrypted] /, /boot | ST2000DM008-2FR102 1.8T HDD/sata [Encrypted] | ST4000NM0115-1YZ107 3.6T HDD/sata [Encrypted] /run/media/shane/shane4tb-ent | SPCC Solid State Disk 223.6G SSD/sata [Encrypted]",pressure,11112503,35045.0,4,0,0.0,999713.0,0.0,1001113.0
